SQUID,UNIT,TOPELEVATION,BOTTOMELEVATION,RAWMAT,Material Type,DEBITAGE,DATACLASS,PRESERVATION,PATINATION,CORTEX,LOCATION OF CORTEX,CORTEX OF PREPARATION SURFACE,BURNT,SURFACE OF  FLAKE USED FOR FLAKING,NUMBER OF ACTIVE EDGES CORES,NUMBER OF PLATFORMS ON CORE,NUMBER OF SCARS FS,NUMBER OF SCARS PS,CORE LONGITUDINAL SECTION,CORE MORPHOLOGY,CORE TECHNOLOGY,CORE FLAKING METHODS,CORE TYPE,TYPE OF FLAKE CF,DOMINANT SCAR,LAST SCAR,ANGLE BETWEEN SP AND DS,FLAKE SP,TECHNOLOGY,PROFILE VENTRAL,PROFILE DORSAL,SECTION,FLAKE MORPHOLOGY,FLAKE TERMINATION,SYMMETRY,NO DORSAL SCARS,SCAR PATTERN,STRIKING PLATFORM,LIP,RETOUCH,TOOL BLANK,STAGE OF RETOUCH,MODULE,TYPOLOGY A,RETOUCH LOCATION A,RETOUCH FACE A,RETOUCH TYPE A,ABRASION,SHAPE OF ACTIVE EDGE A,SECOND EVENT RETOUCH,TYPOLOGY B,RETOUCH LOCATION B,RETOUCH FACE B,RETOUCH TYPE B,SHAPE OF ACTIVE EDGE B,CORE LENGTH,CORE WIDTH,CORE THICKNESS,LENGTH OF DOMINANT SCAR,WIDTH OF DOMINANT SCAR,LENGTH OF LAST SCAR,WIDTH OF LAST SCAR,CORE CIRCUMFERENCE,TECHNOLOGICAL LENGTH,TECHNOLOGICAL WIDTH,MORPHOLOGICAL LENGTH,MORPHOLOGICAL WIDTH,THICKNESS,BREADTH OF STRIKING PLATFORM,DEPTH OF STRIKING PLATFORM,WEIGHT,IMAGE ACQUISITION 2D AND 3D,COMMENTS
J49-a,4,99.09,99.09,Gutansar,Obsidian,Kombewa,Complete,Fresh,No patina,0,,,No,,,,,,,,,,,,,,,,Edge Modification,Concave,Convex,Straight,Irregular,Hinge,Symmetrical,7,Along axis side,Crushed,Not lipped,Yes,Kombewa flake,Pre detachment,Module 2,,Proxial until ridge,Dorsal,Invasive,No,,No,,,,,,,,,,,,,,13.68,14.13,15.6,16.26,1.63,,,0.28,None,
J49-b,4,99.09,99.09,Gutansar,Obsidian,Flake,Dist ,Fresh,No patina,0,,,No,,,,,,,,,,,,,,,,Edge Modification,,,,,,,4,Along axis,Crushed,Not lipped,Yes,Flake,Pre detachment,Module 3,,Circumference,Dorsal,Invasive,No,,No,,,,,,,,,,,,,,,,9.98,9.12,1.23,,,0.09,None,
J49-c,4,99.09,99.09,Gutansar,Obsidian,Flake,Dist ,Fresh,No patina,0,,,No,,,,,,,,,,,,,,,,Edge Modification,,,,,,,4,Along axis opposed,Crushed,Not lipped,Yes,Flake,Pre detachment,Module 3,,Circumference,Dorsal,Invasive,No,,No,,,,,,,,,,,,,,,,9.41,8.34,0.99,,,0.09,None,
J49-d,4,99.09,99.09,Gutansar,Obsidian,Flake,Complete,Fresh,No patina,0,,,No,,,,,,,,,,,,,,,,Edge Modification,Concave,Concave,Trapezoidal,Sub rectangular,Hinge,Asymetric to the left,5,Along axis,Plain,Lipped,Yes,Flake,Pre detachment,Module 3,,Circumference,Dorsal,Scraper like,No,,No,,,,,,,,,,,,,,8.1,5.96,9.52,6.23,1.47,2.92,1.21,0.07,None,
I48-b,4,99.13,99.01,Gutansar,Obsidian,Kombewa,Lat ,Fresh,No patina,0,,,No,,,,,,,,,,,,,,,,Edge Modification,,,,,Feather,,9,Opposed side,Crushed,Not lipped,Yes,Flake,Pre detachment,Module 4,,Circumference,Dorsal,Mixed,No,,No,,,,,,,,,,,,,,,,24.18,9.49,5.36,,,0.79,Photo+3d,
L49-a,4,99.22,99.22,Hatis,Obsidian,Flake,Complete,Fresh,No patina,0,,,No,,,,,,,,,,,,,,,,Edge Modification,Straight,Straight,Straight,Sub rectangular,Hinge,Symmetrical,10,Along axis side,Plain,Lipped,Yes,Flake,Pre detachment,Module 3,,Circumference,Dorsal,Flat,No,,No,,,,,,,,,,,,,,10.44,8.73,10.49,9.94,1.29,4.67,1.17,0.18,None,
L49-b,4,99.22,99.22,Gutansar,Obsidian,Flake,Complete,Fresh,No patina,0,,,No,,,,,,,,,,,,,,,,Edge Modification,Concave,Convex,Polyhedral,Irregular,Feather,Symmetrical,10,Along axis side,Punctiform,Lipped,Yes,Flake,Pre detachment,Module 3,,Circumference,Dorsal,Flat,No,,No,,,,,,,,,,,,,,12.14,13.6,14.27,11.85,1.04,1.92,0.78,0.15,Photo+3d,
I49-b,4,98.9,98.78,Hatis,Obsidian,Flake,Complete,Fresh,No patina,0,,,No,,,,,,,,,,,,,,,,Edge Modification,Straight,Straight,Trapezoidal,Trapezoidal,Hinge,Symmetrical,6,Along axis opposed,Punctiform,Not lipped,Yes,Flake,Pre detachment,Module 3,,Circumference,Dorsal,Invasive,No,,No,,,,,,,,,,,,,,14.22,7.6,14.24,13.59,2.05,1.05,0.52,0.3,Photo+3d,Notes
I49-c,4,98.9,98.78,Gutansar,Obsidian,Kombewa,Complete,Fresh,No patina,0,,,No,,,,,,,,,,,,,,,,Edge Modification,Straight,Straight,Straight,Trapezoidal,Feather,Symmetrical,1,Plain,Plain,Lipped,No,,,Module 0,,,,,,,No,,,,,,,,,,,,,,10.17,11.09,14.8,9.12,0.86,6.37,1.07,0.11,None,
I49-d,4,98.9,98.78,Hatis,Obsidian,Flake,Complete,Fresh,No patina,0,,,No,,,,,,,,,,,,,,,,Edge Modification,Concave,Convex,Polyhedral,Oval,Feather,Symmetrical,7,Along axis side,Plain,Lipped,Yes,Flake,Pre detachment,Module 3,,Circumference,Dorsal,Half quina,No,,No,,,,,,,,,,,,,,11.25,11.93,13.17,12.99,1.11,3.75,0.96,0.09,None,
I49-e,4,98.9,98.78,Gutansar,Obsidian,Flake,Complete,Fresh,No patina,0,,,No,,,,,,,,,,,,,,,,Edge Modification,Straight,Straight,Straight,Irregular,Feather,Asymetric to the left,4,Along axis side,Plain,Lipped,Yes,Flake,Pre detachment,Module 4,,Circumference,Dorsal,Mixed,No,,No,,,,,,,,,,,,,,7.67,7.04,16.85,7.69,1.4,5.78,1.63,0.19,None,
I49-f,4,98.9,98.78,Gutansar,Obsidian,Kombewa,Complete,Fresh,No patina,0,,,No,,,,,,,,,,,,,,,,Edge Modification,Indeterminate,Straight,Straight,Trapezoidal,Feather,Symmetrical,6,Along axis side,Crushed,Not lipped,Yes,Kombewa flake,Pre detachment,Module 1,,Proximal,Dorsal,Flat,No,,No,,,,,,,,,,,,,,8.44,7.17,10,8.74,0.71,,,0.07,None,
I49-g,4,98.9,98.75,Gutansar,Obsidian,Flake,Lat ,Fresh,No patina,0,,,No,,,,,,,,,,,,,,,,Edge Modification,,,,,Feather,,5,Along axis side,Plain,Lipped,Yes,Flake,Pre detachment,Module 3,,Circumference,Dorsal,Mixed,No,,No,,,,,,,,,,,,,,,,12.35,5.45,1.13,2.61,0.98,0.11,None,
J49-a,4,98.97,98.97,Gutansar,Obsidian,Flake,Complete,Fresh,No patina,0,,,No,,,,,,,,,,,,,,,,Edge Modification,Straight,Straight,Polyhedral,Sub rectangular,Feather,Symmetrical,7,Along axis,Plain,Lipped,Yes,Flake,Pre detachment,Module 3,,Circumference,Dorsal,Half quina,No,,No,,,,,,,,,,,,,,10.14,7.62,10.34,8.96,1.94,7.23,2.7,0.23,Photo+3d,
L49,4,98.86,98.86,Gutansar,Obsidian,Kombewa,Complete,Fresh,No patina,0,,,No,,,,,,,,,,,,,,,,Edge Modification,Concave,Convex,Trapezoidal,Irregular,Feather,Asymetric to the right,10,Along axis opposed,Faceted,Lipped,Yes,Flake,Pre detachment,Module 2,,Proxial until ridge,Dorsal,Mixed,No,,No,,,,,,,,,,,,,,11.93,10.52,20.07,11.48,2.76,5.64,1.43,0.57,None,
L49,4,99.3,99.3,Gutansar,Obsidian,Flake,Dist ,Fresh,No patina,0,,,No,,,,,,,,,,,,,,,,Edge Modification,,,,,,,9,Along axis,Plain,Lipped,Yes,Flake,Pre detachment,Module 2,,Proximal,Dorsal,Mixed,No,,No,,,,,,,,,,,,,,,,12.3,12.01,2.28,8.3,2.77,0.26,None,
N50,4,99.11,99.11,Gutansar,Obsidian,Flake,Complete,Fresh,No patina,0,,,No,,,,,,,,,,,,,,,,Edge Modification,Concave,Convex,Twisted,Sub rectangular,Feather,Symmetrical,7,Along axis side,Plain,Lipped,Yes,Flake,Pre detachment,Module 3,,Circumference,Dorsal,Mixed,No,,No,,,,,,,,,,,,,,8.44,4.55,10.14,4.74,1.15,1.85,0.88,0.05,None,
O50,4,99.35,99.35,Gutansar,Obsidian,Kombewa,Prox ,Fresh,No patina,0,,,No,,,,,,,,,,,,,,,,Edge Modification,,,,,Feather,,3,Along axis,,,Yes,Flake,Pre detachment,Module 2,,Proxial until ridge,Dorsal,Regular,No,,No,,,,,,,,,,,,,,,,14.86,18.37,2.46,,,0.31,None,
M49,4,99.33,99.24,Gutansar,Obsidian,Kombewa,Complete,Fresh,No patina,0,,,No,,,,,,,,,,,,,,,,Edge Modification,Straight,Concave,Concave,Trapezoidal,Feather,Symmetrical,2,Along axis,Crushed,Not lipped,Yes,Flake,Pre detachment,Module 1,,Circumference,Dorsal,Scraper like,No,,No,,,,,,,,,,,,,,6.18,11.52,12.27,7.03,1.75,,,0.19,None,
I49-e,4,99.11,99.09,Gutansar,Obsidian,Flake,Complete,Fresh,No patina,0,,,No,,,,,,,,,,,,,,,,Edge Modification,Straight,Straight,Triangular,Sub rectangular,Hinge,Symmetrical,4,Along axis,Plain,Lipped,Yes,Flake,Pre detachment,Module 2,,Circumference,Dorsal,Regular,No,,No,,,,,,,,,,,,,,12.3,10.9,13.89,10.7,1.91,6.93,2.27,0.28,None,
I49-f,4,99.11,99.09,Gutansar,Obsidian,Flake,Complete,Fresh,No patina,0,,,No,,,,,,,,,,,,,,,,Edge Modification,Concave,Convex,Triangular,Sub rectangular,Feather,Symmetrical,8,Along axis side,Plain,Lipped,Yes,Flake,Pre detachment,Module 3,,Circumference,Dorsal,Mixed,No,,No,,,,,,,,,,,,,,12.5,6.25,14.47,6,2.06,3.13,1.33,0.18,None,
L49-a,4,99.02,99.02,Tsaghk-3-ar59,Obsidian,Flake,Complete,Fresh,No patina,0,,,No,,,,,,,,,,,,,,,,Edge Modification,Concave,Convex,Triangular,Irregular,Feather,Symmetrical,7,Along axis side,Crushed,Not lipped,Yes,Flake,Pre detachment,Module 3,,Circumference,Dorsal,Scraper like,No,,No,,,,,,,,,,,,,,12.85,6.72,13.42,6.87,2.46,,,0.25,None,
L49-b,4,99.02,99.02,Tsaghk-1-ar64,Obsidian,Flake,Complete,Fresh,No patina,0,,,No,,,,,,,,,,,,,,,,Edge Modification,Concave,Convex,Triangular,Trapezoidal,Feather,Symmetrical,3,Along axis side,Crushed,Not lipped,Yes,Flake,Pre detachment,Module 3,,Circumference,Dorsal,Regular,No,,No,,,,,,,,,,,,,,9.28,6.96,8.49,9.13,1.11,,,0.08,None,
M49,4,99.14,99.14,Tsaghk-1-ar64,Obsidian,Flake,Complete,Fresh,No patina,0,,,No,,,,,,,,,,,,,,,,Edge Modification,Straight,Straight,Straight,Sub rectangular,Hinge,Symmetrical,2,Along axis,Crushed,Not lipped,Yes,Flake,Pre detachment,Module 3,,Circumference,Dorsal,Invasive,No,,No,,,,,,,,,,,,,,16.67,16.2,18.2,20.6,1.67,,,0.75,None,
L49-c,4,99.22,99.22,Tsaghk-2-ar60,Obsidian,Flake,Complete,Fresh,No patina,0,,,No,,,,,,,,,,,,,,,,Edge Modification,Concave,Convex,Triangular,Irregular,Feather,Symmetrical,2,Along axis,Plain,Lipped,Yes,Flake,Pre detachment,Module 1,,Circumference,Dorsal,Regular,No,,No,,,,,,,,,,,,,,6.43,5.68,8.45,6.27,1.48,2.22,1.14,0.05,None,
I49,4,99,99,Tsaghk-1-ar64,Obsidian,Flake,Complete,Fresh,No patina,0,,,No,,,,,,,,,,,,,,,,Edge Modification,Concave,Convex,Triangular,Irregular,Feather,Asymetric to the right,7,Along axis side,Plain,Lipped,Yes,Flake,Pre detachment,Module 3,,Circumference,Dorsal,Half quina,No,,No,,,,,,,,,,,,,,14.93,10.55,19.54,11.12,1.63,3.23,1.27,0.38,None,
I49-c,4,99.11,99,Hatis,Obsidian,Flake,Complete,Fresh,No patina,0,,,No,,,,,,,,,,,,,,,,Edge Modification,Straight,Straight,Triangular,Sub triangular,Feather,Symmetrical,5,Convergent,Plain,Not lipped,Yes,Flake,Pre detachment,Module 3,,Circumference,Dorsal,Regular,No,,No,,,,,,,,,,,,,,9.92,6.67,15.47,8.5,2.19,2.45,0.82,0.18,None,
I49-d,4,99.11,99,Tsaghk-1-ar64,Obsidian,Flake,Complete,Fresh,No patina,0,,,No,,,,,,,,,,,,,,,,Edge Modification,Concave,Convex,Trapezoidal,Pointed,Feather,Symmetrical,4,Along axis,Crushed,Not lipped,Yes,Flake,Pre detachment,Module 1,,Distal,Dorsal,Scraper like,No,,No,,,,,,,,,,,,,,6.82,3.95,6.83,5.32,1.06,,,0.02,None,
K49,4,99.1,99.1,Tsaghk-1-ar64,Obsidian,Flake,Complete,Fresh,No patina,0,,,No,,,,,,,,,,,,,,,,Edge Modification,Concave,Convex,Oblique,Trapezoidal,Feather,Symmetrical,5,Along axis side,Plain,Lipped,Yes,Flake,Pre detachment,Module 3,,Circumference,Dorsal,Scraper like,No,,No,,,,,,,,,,,,,,8.61,10.07,12.1,9.26,2.35,5.19,2.38,0.18,None,
K49-b,4,99.42,99.42,Tsaghk-1-ar64,Obsidian,Kombewa,Prox ,Fresh,No patina,0,,,No,,,,,,,,,,,,,,,,Edge Modification,,,,,Hinge,,1,Plain,,,No,,,Module 0,,,,,,,No,,,,,,,,,,,,,,,,14.31,6.38,1.73,,,0.13,None,
M50-a,4,99.22,99.22,Tsaghk-2-ar60,Obsidian,Kombewa,Complete,Fresh,No patina,0,,,No,,,,,,,,,,,,,,,,Edge Modification,Concave,Convex,Triangular,Trapezoidal,Feather,Symmetrical,7,Along axis side,Plain,Not lipped,Yes,Kombewa flake,Pre detachment,Module 2,,Proxial until ridge,Dorsal,Regular,No,,No,,,,,,,,,,,,,,11.39,6.72,11.66,8.71,1.06,1.41,0.65,0.07,None,
N50,4,99.2,99.11,Tsaghk-1-ar64,Obsidian,Flake,Complete,Fresh,No patina,0,,,No,,,,,,,,,,,,,,,,Edge Modification,Straight,Straight,Triangular,Leaf shaped,Feather,Symmetrical,5,Side,Plain,Lipped,Yes,Flake,Pre detachment,Module 3,,Circumference,Dorsal,Fine,No,,No,,,,,,,,,,,,,,7.21,4.8,9.21,4.57,0.75,1.4,0.57,0.02,None,
O48,4,99.38,99.17,Hatis,Obsidian,Flake,Complete,Fresh,No patina,0,,,No,,,,,,,,,,,,,,,,Edge Modification,Concave,Convex,Irregular,Trapezoidal,Feather,Symmetrical,16,Along axis opposed,Plain,Lipped,Yes,Flake,Pre detachment,Module 3,,Circumference,Dorsal,Quina,No,,No,,,,,,,,,,,,,,8.04,9.14,11.17,8.73,2.52,3.44,0.94,0.18,None,
I49-a,4,99.11,99.09,Gutansar,Obsidian,Flake,Complete,Fresh,No patina,0,,,No,,,,,,,,,,,,,,,,Edge Modification,Concave,Convex,Oblique,Irregular,Feather,Asymetric to the left,9,Along axis side,Plain,Lipped,Yes,Flake,Pre detachment,Module 3,,Circumference,Dorsal,Mixed,No,,No,,,,,,,,,,,,,,15.63,11.6,17.16,14.22,6.12,6.76,1.56,0.58,Photo+3d,
I49-c,4,99.11,99.09,Hatis,Obsidian,Flake,Complete,Fresh,No patina,0,,,No,,,,,,,,,,,,,,,,Edge Modification,Concave,Convex,Triangular,Sub rectangular,Feather,Asymetric to the left,8,Along axis opposed,Crushed,Not lipped,Yes,Flake,Pre detachment,Module 3,,Circumference,Dorsal,Invasive,No,,No,,,,,,,,,,,,,,6.32,7.03,12.3,6.25,1.52,,,0.08,3d for morphology,Pilling of the distalpart of a tool
I49-1,4,98.9,98.78,Gutansar,Obsidian,Kombewa,Complete,Fresh,No patina,0,,,No,,,,,,,,,,,,,,,,Edge Modification,Concave,Convex,Triangular,Trapezoidal,Feather,Symmetrical,6,Along axis side,Crushed,Not lipped,Yes,Flake,Pre detachment,Module 2,,Proxial until ridge,Dorsal,Regular,No,,No,,,,,,,,,,,,,,11.24,11.17,11.65,11.27,2.32,,,0.23,None,
I49-2,4,98.9,98.78,Gutansar,Obsidian,Flake,Complete,Fresh,No patina,0,,,No,,,,,,,,,,,,,,,,Edge Modification,Straight,Straight,Oblique,Trapezoidal,Feather,Symmetrical,2,Along axis side,Plain,Lipped,Yes,Flake,Pre detachment,Module 2,,Circumference,Dorsal,Invasive,No,,No,,,,,,,,,,,,,,9.07,4.85,9.13,7.51,1.11,1.62,0.62,0.04,None,
I49-5,4,98.9,98.78,Hatis,Obsidian,Flake,Complete,Fresh,No patina,0,,,No,,,,,,,,,,,,,,,,Edge Modification,Straight,Straight,Triangular,Trapezoidal,Feather,Symmetrical,6,Along axis,Plain,Lipped,Yes,Flake,Pre detachment,Module 2,,Circumference,Dorsal,Regular,No,,No,,,,,,,,,,,,,,9.37,6.88,11.44,8.48,1.49,3.08,1.28,0.12,None,
I49-6,4,98.9,98.78,Hatis,Obsidian,Flake,Complete,Fresh,No patina,0,,,No,,,,,,,,,,,,,,,,Edge Modification,Concave,Convex,Triangular,Irregular,Feather,Symmetrical,9,Along axis side,Plain,Lipped,Yes,Flake,Pre detachment,Module 3,,Circumference,Dorsal,Mixed,No,,No,,,,,,,,,,,,,,16.57,10.51,18.57,15.11,1.52,1.79,1.19,0.34,None,
I49-7,4,98.9,98.78,Hatis,Obsidian,Flake,Complete,Fresh,No patina,0,,,No,,,,,,,,,,,,,,,,Edge Modification,Concave,Convex,Triangular,Irregular,Feather,Asymetric to the left,7,Along axis side,Plain,Lipped,Yes,Flake,Pre detachment,Module 3,,Circumference,Dorsal,Mixed,No,,No,,,,,,,,,,,,,,15.84,11.84,20.02,12.87,1.96,7.13,1.21,0.42,None,
I49-a,4,98.9,98.78,Hatis,Obsidian,Kombewa,Complete,Fresh,No patina,0,,,No,,,,,,,,,,,,,,,,Edge Modification,Concave,Convex,Triangular,Sub rectangular,Feather,Symmetrical,7,Along axis,Crushed,Not lipped,Yes,Kombewa flake,Pre detachment,Module 2,,Proxial until ridge,Dorsal,Invasive,No,,No,,,,,,,,,,,,,,15.91,14.24,16.3,14.23,3.93,,,0.64,None,
J49-j,4,99.09,99.09,Hatis,Obsidian,Kombewa,Both Lat,Fresh,No patina,0,,,No,,,,,,,,,,,,,,,,Edge Modification,,,,,,,3,Along axis,Crushed,Not lipped,Yes,Flake,Pre detachment,Module 2,,Proxial until ridge,Dorsal,Scraper like,No,,No,,,,,,,,,,,,,,,,9.97,6.18,2.45,,,0.09,None,
J49-n,4,99.09,99.09,Gutansar,Obsidian,Bladelet,Complete,Fresh,No patina,0,,,No,,,,,,,,,,,,,,,,Edge Modification,Straight,Straight,Straight,Sub rectangular,Feather,Symmetrical,4,Along axis side,Crushed,Not lipped,Yes,Bladelet,Pre detachment,Module 2,,Proxial until ridge,Dorsal,Fine,No,,No,,,,,,,,,,,,,,7.87,3.16,8.36,3.23,0.44,,,0.01,None,
K49,4,99.35,99.35,Hatis,Obsidian,Flake,Complete,Fresh,No patina,0,,,No,,,,,,,,,,,,,,,,Edge Modification,Twisted,Twisted,Oblique,Irregular,Feather,Asymetric to the right,5,Side,Plain,Lipped,Yes,Flake,Pre detachment,Module 3,,Circumference,Dorsal,Mixed,No,,No,,,,,,,,,,,,,,12.69,7.24,15.56,6.92,1,2.44,1.19,0.09,None,
F48-b,4,99.23,99.01,Hatis,Obsidian,Flake,Complete,Fresh,No patina,0,,,No,,,,,,,,,,,,,,,,Edge Modification,Concave,Concave,Concave,Sub rectangular,Feather,Asymetric to the right,4,Along axis side,Crushed,Not lipped,Yes,Flake,Pre detachment,Module 3,,Circumference,Dorsal,Scraper like,No,,No,,,,,,,,,,,,,,6.96,6.78,9.12,7.67,1.63,,,0.04,None,
F48-c,4,99.23,99.01,Gutansar,Obsidian,Flake,Complete,Fresh,No patina,0,,,No,,,,,,,,,,,,,,,,Edge Modification,Concave,Convex,Oblique,Oval,Feather,Symmetrical,4,Along axis,Plain,Not lipped,Yes,Flake,Pre detachment,Module 1,,Circumference,Dorsal,Regular,No,,No,,,,,,,,,,,,,,6.51,5.3,7.61,5.74,2.03,3.13,1.11,0.03,None,
N49,4,99.36,99.36,Hatis,Obsidian,Kombewa,Complete,Fresh,No patina,0,,,No,,,,,,,,,,,,,,,,Edge Modification,Concave,Convex,Polyhedral,Trapezoidal,Feather,Symmetrical,7,Along axis side,Plain,Lipped,Yes,Flake,Pre detachment,Module 2,,Distal proximal right,Dorsal,Flat,No,,No,,,,,,,,,,,,,,8.76,8.3,10,8.97,1.11,2.75,1.09,0.07,None,
L49,4,99.01,99.01,Hatis,Obsidian,Flake,Complete,Fresh,No patina,0,,,No,,,,,,,,,,,,,,,,Edge Modification,Concave,Convex,Polyhedral,Sub rectangular,Feather,Asymetric to the right,6,Along axis,Plain,Lipped,Yes,Flake,Pre detachment,Module 3,,Circumference,Dorsal,Scraper like,No,,No,,,,,,,,,,,,,,8.26,5.84,8.75,5.99,1.68,2.31,1.08,0.08,None,
M50-b,4,99.22,99.22,Hatis,Obsidian,Flake,Complete,Fresh,No patina,0,,,No,,,,,,,,,,,,,,,,Edge Modification,Concave,Convex,Polyhedral,Oval,Feather,Symmetrical,6,Along axis side,Plain,Lipped,Yes,Flake,Pre detachment,Module 3,,Circumference,Dorsal,Scraper like,No,,No,,,,,,,,,,,,,,9.67,9.55,9.82,9.41,1.33,5.39,0.74,0.1,None,
J49-144-2,4,98.92,98.92,Hatis,Obsidian,Flake,Complete,Fresh,No patina,0,,,No,,,,,,,,,,,,,,,,Edge Modification,Concave,Convex,Straight,Oval,Feather,Symmetrical,3,Along axis,Crushed,Not lipped,Yes,Flake,Pre detachment,Module 1,,Circumference,Dorsal,Flat,No,,No,,,,,,,,,,,,,,4.81,6.23,7.07,5.53,0.77,,,0.01,None,
J49-144-3,4,98.92,98.92,Hatis,Obsidian,Flake,Complete,Fresh,No patina,0,,,No,,,,,,,,,,,,,,,,Edge Modification,Straight,Straight,Straight,Oval,Feather,Symmetrical,3,Along axis,Punctiform,Not lipped,Yes,Flake,Pre detachment,Module 1,,Circumference,Dorsal,Flat,No,,No,,,,,,,,,,,,,,5.32,4.58,5.38,4.55,0.87,1.13,0.31,0.01,None,
K49-22,4,99.22,99.22,Gutansar,Obsidian,Flake,Complete,Fresh,No patina,0,,,No,,,,,,,,,,,,,,,,Edge Modification,Straight,Triangular,Straight,Oval,Feather,Symmetrical,1,Along axis,Plain,Lipped,Yes,Flake,Pre detachment,Module 1,,Circumference,Dorsal,Regular,No,,No,,,,,,,,,,,,,,5.57,12.81,12.95,5.39,2.33,6.84,1.79,0.1,None,
K49-61,4,99.01,99.01,Gutansar,Obsidian,Flake,Complete,Fresh,No patina,0,,,No,,,,,,,,,,,,,,,,Edge Modification,Concave,Convex,Straight,Sub triangular,Feather,Asymetric to the left,9,Along axis,Plain,Lipped,Yes,Flake,Pre detachment,Module 2,,Circumference,Dorsal,Mixed,No,,No,,,,,,,,,,,,,,6.42,9.2,8.85,6.46,0.71,5.09,0.86,0.03,Photo+3d,
L49-61,4,98.95,98.95,Hatis,Obsidian,Flake,Complete,Fresh,No patina,0,,,No,,,,,,,,,,,,,,,,Edge Modification,Concave,Convex,Polyhedral,Trapezoidal,Feather,Symmetrical,8,Along axis,Plain,Lipped,Yes,Flake,Pre detachment,Module 3,,Circumference,Dorsal,Mixed,No,,No,,,,,,,,,,,,,,6.05,6.7,8.64,6.13,1.19,1.24,0.88,0.03,None,
L49-35,4,99.04,99.04,Hatis,Obsidian,Kombewa,Dist ,Fresh,No patina,0,,,No,,,,,,,,,,,,,,,,Edge Modification,,,,,,,1,Plain,Plain,Lipped,Yes,Flake,Pre detachment,Module 1,,Proximal,Dorsal,Fine,No,,No,,,,,,,,,,,,,,,,13.24,8.87,2.55,6.65,2.83,0.36,None,
M49-64-1,4,98.99,98.99,Gutansar,Obsidian,Flake,Both Lat,Fresh,No patina,0,,,No,,,,,,,,,,,,,,,,Edge Modification,,,,,,,1,Along axis,Plain,Lipped,Yes,Flake,Pre detachment,Module 1,,Proximal,Dorsal,Regular,No,,No,,,,,,,,,,,,,,,,6.05,4.29,1.74,,,1.03,None,
M49-34,4,99.1,99.1,Gutansar,Obsidian,Flake,Complete,Fresh,No patina,0,,,No,,,,,,,,,,,,,,,,Edge Modification,Straight,Straight,Straight,Irregular,Feather,Symmetrical,2,Along axis side,Crushed,Not lipped,Yes,Flake,Pre detachment,Module 1,,Proximal,Dorsal,Fine,No,,No,,,,,,,,,,,,,,3.85,3.98,5,4.03,0.49,,,0.01,None,
N49-56-2,4,99.02,99.02,Hatis,Obsidian,Flake,Complete,Fresh,No patina,0,,,No,,,,,,,,,,,,,,,,Edge Modification,Straight,Straight,Straight,Oval,Feather,Symmetrical,8,Along axis side,Punctiform,Lipped,Yes,Flake,Pre detachment,Module 3,,Circumference,Dorsal,Scraper like,No,,No,,,,,,,,,,,,,,5.91,5.05,6.8,5.05,0.52,1.21,0.61,0.02,None,
O48-53,4,98.9,98.9,Gutansar,Obsidian,Flake,Complete,Fresh,No patina,0,,,No,,,,,,,,,,,,,,,,Edge Modification,Straight,Straight,Straight,Oval,Hinge,Symmetrical,3,Along axis,Crushed,Not lipped,Yes,Flake,Pre detachment,Module 1,,Circumference,Dorsal,Regular,No,,No,,,,,,,,,,,,,,6.46,12.27,12.81,6.78,1.77,,,0.11,None,
O49-32-3,4,99.2,99.2,Tsaghk-1-ar64,Obsidian,Flake,Complete,Fresh,No patina,0,,,No,,,,,,,,,,,,,,,,Edge Modification,Convex,Concave,Concave,Trapezoidal,Feather,Symmetrical,1,Along axis,Plain,Lipped,Yes,Flake,Pre detachment,Module 1,,Circumference,Dorsal,Isolated removals,No,,No,,,,,,,,,,,,,,3.27,5.63,6,4.39,0.81,5.37,0.8,0.01,None,
O49-39-1,4,99.15,99.15,Hatis,Obsidian,Flake,Complete,Fresh,No patina,0,,,No,,,,,,,,,,,,,,,,Edge Modification,Straight,Straight,Polyhedral,Sub rectangular,Feather,Symmetrical,9,Along axis,Crushed,Not lipped,Yes,Flake,Pre detachment,Module 3,,Circumference,Dorsal,Invasive,No,,No,,,,,,,,,,,,,,11.86,7.91,11.78,8.6,1.77,,,0.16,None,
O49-39-2,4,99.15,99.15,Hatis,Obsidian,Flake,Complete,Fresh,No patina,0,,,No,,,,,,,,,,,,,,,,Edge Modification,Concave,Convex,Triangular,Sub rectangular,Feather,Symmetrical,2,Along axis,Crushed,Not lipped,Yes,Flake,Pre detachment,Module 2,,Circumference,Dorsal,Regular,No,,No,,,,,,,,,,,,,,10.35,6.61,10.62,6.36,1.46,,,0.08,None,
O50-17,4,99.27,99.27,Tsaghk-1-ar64,Obsidian,Flake,Complete,Fresh,No patina,0,,,No,,,,,,,,,,,,,,,,Edge Modification,Concave,Convex,Triangular,Irregular,Feather,Asymetric to the right,6,Along axis,Crushed,Not lipped,Yes,Flake,Pre detachment,Module 3,,Circumference,Dorsal,Scraper like,No,,No,,,,,,,,,,,,,,13.85,7.07,13.8,7.89,1.48,,,0.13,None,
O50-34,4,99.08,99.08,Tsaghk-1-ar64,Obsidian,Flake,Complete,Fresh,No patina,0,,,No,,,,,,,,,,,,,,,,Edge Modification,Concave,Convex,Polyhedral,Sub rectangular,Feather,Symmetrical,13,Along axis,Crushed,Not lipped,Yes,Flake,Pre detachment,Module 3,,Circumference,Dorsal,Scraper like,No,,No,,,,,,,,,,,,,,11.92,5.52,11.82,6.21,0.65,,,0.04,None,
I49-72,4,98.94,98.94,Gutansar,Obsidian,Flake,Complete,Fresh,No patina,0,,,No,,,,,,,,,,,,,,,,Edge Modification,Concave,Convex,Oblique,Sub rectangular,Hinge,Symmetrical,18,Along axis side,Faceted,Lipped,Yes,Flake,Pre detachment,Module 3,,Distal right,Dorsal,Half quina,No,,No,,,,,,,,,,,,,,31.73,18.42,31.08,19.09,3.97,8.66,2.62,2.48,Photo+3d,
J49-160,4,98.84,98.84,Gutansar,Obsidian,Kombewa,Complete,Fresh,No patina,0,,,No,,,,,,,,,,,,,,,,Edge Modification,Straight,Convex,Straight,Sub rectangular,Feather,Asymetric to the left,6,Along axis side,Crushed,Not lipped,Yes,Kombewa flake,Pre detachment,Module 1,,Dista proximal left,Dorsal,Flat,No,,No,,,,,,,,,,,,,,12.4,13.88,18.76,13.65,1.91,,,0.31,None,
J49-161,4,98.84,98.84,Gutansar,Obsidian,Flake,Complete,Fresh,No patina,0,,,No,,,,,,,,,,,,,,,,Edge Modification,Straight,Irregular,Concave,Irregular,Feather,Asymetric to the left,12,Along axis,Plain,Lipped,Yes,Flake,Pre detachment,Module 3,,Circumference,Dorsal,Half quina,No,,No,,,,,,,,,,,,,,14.42,17.04,23.66,15.08,2.71,6.49,1.26,89,Photo+3d,
L49-51,4,98.98,98.98,Gutansar,Obsidian,Flake,Complete,Fresh,No patina,0,,,No,,,,,,,,,,,,,,,,Edge Modification,Concave,Convex,Trapezoidal,Sub rectangular,Feather,Asymetric to the right,16,Along axis,Plain,Lipped,Yes,Flake,Pre detachment,Module 3,,Circumference,Dorsal,Mixed,No,,No,,,,,,,,,,,,,,25.3,25.54,32.48,25.32,4.63,9.75,3.42,3.75,Photo+3d,
M49-27,4,99.13,99.13,Gutansar,Obsidian,Flake,Complete,Fresh,No patina,0,,,No,,,,,,,,,,,,,,,,Edge Modification,Straight,Concave,Concave,Oval,Hinge,Asymetric to the right,5,Along axis side,Plain,Lipped,Yes,Flake,Pre detachment,Module 3,,Circumference,Dorsal,Regular,No,,No,,,,,,,,,,,,,,9.6,12.84,14.56,9.36,1.74,5.25,3.37,0.25,None,
O50-39,4,99.02,99.02,Gutansar,Obsidian,Flake,Lat ,Fresh,No patina,0,,,No,,,,,,,,,,,,,,,,Edge Modification,,,,,Feather,,19,Along axis side,Crushed,Not lipped,Yes,Flake,Pre detachment,Module 3,,Circumference,Dorsal,Scraper like,No,,No,,,,,,,,,,,,,,,,22.56,13.49,7.79,,,1.26,None,
M49-47,4,99.06,99.06,Tsaghk-1-ar64,Obsidian,Flake,Complete,Fresh,No patina,0,,,No,,,,,,,,,,,,,,,,Edge Modification,Straight,Irregular,Irregular,Trapezoidal,Feather,Asymetric to the right,12,Along axis side,Plain,Lipped,Yes,Flake,Pre detachment,Module 3,,Circumference,Dorsal,Quina,No,,No,,,,,,,,,,,,,,11.49,23.32,23.6,12.14,4.23,6.05,1.76,1,Photo+3d,Tip removal
N49-14,4,99.25,99.25,Tsaghk-1-ar64,Obsidian,Kombewa,Complete,Fresh,No patina,0,,,No,,,,,,,,,,,,,,,,Edge Modification,Concave,Convex,Polyhedral,Trapezoidal,Feather,Asymetric to the left,12,Along axis,Crushed,Not lipped,Yes,Kombewa flake,Pre detachment,Module 2,,Proxial until ridge,Dorsal,Regular,No,,No,,,,,,,,,,,,,,17.34,12.51,20.51,16.15,2.24,,,0.78,None,
I49-47,4,99.13,99.13,Hatis,Obsidian,Kombewa,Complete,Fresh,No patina,0,,,No,,,,,,,,,,,,,,,,Edge Modification,Concave,Concave,Concave,Oval,Feather,Symmetrical,12,Along axis,Plain,Lipped,Yes,Kombewa flake,Pre detachment,Module 2,,Proxial until ridge,Dorsal,Scraper like,No,,No,,,,,,,,,,,,,,9.95,17.66,20.36,11.26,2.84,10.99,1.92,0.51,Photo+3d,
I48-11,4,99.15,99.15,Hatis,Obsidian,Flake,Complete,Fresh,No patina,0,,,No,,,,,,,,,,,,,,,,Edge Modification,Concave,Convex,Trapezoidal,Trapezoidal,Feather,Asymetric to the right,7,Along axis,Crushed,Not lipped,Yes,Flake,Pre detachment,Module 3,,Circumference,Dorsal,Regular,No,,No,,,,,,,,,,,,,,8.79,7.13,12.51,9.61,1.47,,,0.1,None,
M49-72,4,98.99,98.99,Hatis,Obsidian,Flake,Complete,Fresh,No patina,1-25%,Distal,,No,,,,,,,,,,,,,,,,Edge Modification,Concave,Convex,Polyhedral,Trapezoidal,Feather,Asymetric to the right,8,Along axis,Punctiform,Not lipped,Yes,Flake,Pre detachment,Module 2,,Proxial until ridge,Dorsal,Scraper like,No,,No,,,,,,,,,,,,,,6.71,7.69,10.19,7.02,1.68,1.92,0.65,0.05,Photo high resolution,
N49-40,4,99.14,99.14,Hatis,Obsidian,Flake,Complete,Fresh,No patina,0,,,No,,,,,,,,,,,,,,,,Edge Modification,Concave,Convex,Irregular,Trapezoidal,Feather,Symmetrical,16,Centripetal,Plain,Lipped,Yes,Flake,Pre detachment,Module 3,,Circumference,Dorsal,Half quina,No,,No,,,,,,,,,,,,,,26.63,17.14,26.92,22.05,3.39,2.97,1.31,1.51,None,
I49-133,4,98.8,98.8,Hatis,Obsidian,Flake,Complete,Fresh,No patina,0,,,No,,,,,,,,,,,,,,,,Edge Modification,Straight,Convex,Polyhedral,Sub rectangular,Feather,Symmetrical,13,Along axis opposed,Punctiform,Lipped,Yes,Flake,Pre detachment,Module 3,,Circumference,Dorsal,Invasive,No,,No,,,,,,,,,,,,,,14.41,15.18,19.32,14.97,2.78,1.46,1.05,0.53,None,
J49-171,4,98.81,98.81,Hatis,Obsidian,Kombewa,Complete,Fresh,No patina,0,,,No,,,,,,,,,,,,,,,,Edge Modification,Concave,Convex,Straight,Sub rectangular,Hinge,Symmetrical,4,Along axis,Plain,Lipped,Yes,Kombewa flake,Pre detachment,Module 2,,Proximal right,Dorsal,Flat,No,,No,,,,,,,,,,,,,,16.42,12.19,15.82,12.95,2.15,3.3,1.46,0.42,None,
O50-44,4,99.02,99.02,Gutansar,Obsidian,Flake,Dist ,Fresh,No patina,0,,,No,,,,,,,,,,,,,,,,Edge Modification,,,,,,,1,Along axis,Plain,Lipped,Yes,Flake,Pre detachment,Module 1,,Proximal,Dorsal,Isolated removals,No,,No,,,,,,,,,,,,,,,,13.78,7.39,2.43,6.76,2.49,0.28,None,
J49-144-3,4,98.92,98.92,Basalt,Non-Obsidian,Flake,Complete,Fresh,No patina,0,,,No,,,,,,,,,,,,,,,,Edge Modification,Straight,Concave,Concave,Sub triangular,Feather,Symmetrical,2,Along axis,Plain,Lipped,Yes,Flake,Pre detachment,Module 1,,Circumference,Dorsal,Isolated removals,No,,No,,,,,,,,,,,,,,7.61,10.07,13.89,8.18,1.54,7.15,0.94,0.12,Photo+3d,
J49-144-7,4,98.92,98.92,Basalt,Non-Obsidian,Kombewa,Complete,Fresh,No patina,0,,,No,,,,,,,,,,,,,,,,Edge Modification,Straight,Straight,Straight,Oval,Feather,Symmetrical,1,Along axis,Plain,Lipped,Yes,Kombewa flake,Pre detachment,Module 1,,Proximal,Dorsal,Isolated removals,No,,No,,,,,,,,,,,,,,6.84,10.86,11.08,7.24,2.19,10.43,2.87,0.09,Photo+3d,
J49-144-8,4,98.92,98.92,Basalt,Non-Obsidian,Flake,Complete,Fresh,No patina,0,,,No,,,,,,,,,,,,,,,,Edge Modification,Straight,Straight,Straight,Oval,Feather,Symmetrical,4,Along axis,Plain,Lipped,Yes,Flake,Pre detachment,Module 1,,Proximal,Dorsal,Scraper like,No,,No,,,,,,,,,,,,,,7.61,7.86,7.79,8.17,0.84,4.3,0.89,0.04,None,
K49-73-1,4,98.99,98.99,Basalt,Non-Obsidian,Flake,Complete,Fresh,No patina,0,,,No,,,,,,,,,,,,,,,,Edge Modification,Concave,Convex,Triangular,Trapezoidal,Feather,Symmetrical,3,Along axis side,Plain,Lipped,Yes,Flake,Pre detachment,Module 1,,Circumference,Dorsal,Regular,No,,No,,,,,,,,,,,,,,7.1,6.5,7.17,5.7,1.15,3.45,0.88,0.05,Photo high resolution,
K49-73-3,4,98.99,98.99,Basalt,Non-Obsidian,Flake,Dist ,Fresh,No patina,0,,,No,,,,,,,,,,,,,,,,Edge Modification,,,,,,,5,Along axis,Plain,Lipped,Yes,Flake,Pre detachment,Module 1,,Proximal,Dorsal,Regular,No,,No,,,,,,,,,,,,,,,,8.97,4.86,1.68,5.92,1.52,0.08,None,
K49-73-5,4,98.99,98.99,Basalt,Non-Obsidian,Flake,Complete,Fresh,No patina,0,,,No,,,,,,,,,,,,,,,,Edge Modification,Straight,Straight,Straight,Sub triangular,Feather,Asymetric to the right,1,Along axis,Plain,Lipped,Yes,Flake,Pre detachment,Module 1,,Circumference,Dorsal,Isolated removals,No,,No,,,,,,,,,,,,,,2.97,5.64,6.7,3.72,3.67,5.23,0.6,0.01,None,
L49-39-2,4,99,99,Tuf,Non-Obsidian,Flake,Complete,Fresh,No patina,0,,,No,,,,,,,,,,,,,,,,Edge Modification,Straight,Straight,Straight,Trapezoidal,Feather,Symmetrical,2,Along axis,Faceted,Lipped,Yes,Flake,Pre detachment,Module 1,,Proximal,Dorsal,Scraper like,No,,No,,,,,,,,,,,,,,4.58,6.64,7.47,4.74,1.47,4.9,1.46,0.01,None,
L49-61-1,4,98.95,98.95,Tuf,Non-Obsidian,Flake,Prox ,Fresh,No patina,0,,,No,,,,,,,,,,,,,,,,Edge Modification,,,,,Feather,,4,Side,,,No,,,Module 4,,,,,,,No,,,,,,,,,,,,,,,,21.44,11.41,5.05,,,1.18,Photo+3d,Two ventrals
L49-30-1,4,99.04,99.04,Chert (green),Non-Obsidian,Flake,Complete,Fresh,No patina,0,,,No,,,,,,,,,,,,,,,,Edge Modification,Concave,Convex,Oblique,Trapezoidal,Feather,Asymetric to the left,8,Along axis side,Plain,Lipped,Yes,Flake,Pre detachment,Module 3,,Circumference,Dorsal,Half quina,No,,No,,,,,,,,,,,,,,9.35,9.99,14.91,9.21,3.08,8.13,1.2,0.3,Photo+3d,
L49-61-3,4,98.95,98.95,Tuf,Non-Obsidian,Flake,Complete,Fresh,No patina,0,,,No,,,,,,,,,,,,,,,,Edge Modification,Concave,Convex,Straight,Irregular,Feather,Symmetrical,1,Along axis,Plain,Lipped,Yes,Flake,Pre detachment,Module 1,,Circumference,Dorsal,Regular,No,,No,,,,,,,,,,,,,,5.04,3.7,5.06,4.77,0.52,3.61,0.89,0.01,None,
L49-49,4,98.99,98.99,Tuf,Non-Obsidian,Flake,Complete,Fresh,No patina,0,,,No,,,,,,,,,,,,,,,,Edge Modification,Straight,Straight,Triangular,Irregular,Feather,Asymetric to the left,5,Along axis side,Plain,Lipped,Yes,Flake,Pre detachment,Module 3,,Circumference,Dorsal,Regular,No,,No,,,,,,,,,,,,,,9.51,7.43,14.31,9.31,2.46,5.48,0.96,0.25,None,
M49-65,4,99.09,99.09,Tuf,Non-Obsidian,Flake,Complete,Fresh,No patina,0,,,No,,,,,,,,,,,,,,,,Edge Modification,Concave,Convex,Triangular,Sub rectangular,Step,Symmetrical,4,Along axis side,Plain,Lipped,Yes,Flake,Pre detachment,Module 1,,Circumference,Dorsal,Fine,No,,No,,,,,,,,,,,,,,6.74,3.72,7.02,3.84,0.87,3.62,0.79,0.01,None,
M49-41-2,4,99.03,99.03,Tuf,Non-Obsidian,Flake,Complete,Fresh,No patina,0,,,No,,,,,,,,,,,,,,,,Edge Modification,Straight,Concave,Concave,Sub rectangular,Feather,Symmetrical,1,Along axis,Plain,Lipped,Yes,Flake,Pre detachment,Module 1,,Proximal,Dorsal,Isolated removals,No,,No,,,,,,,,,,,,,,5.23,3.97,5.73,4.59,0.62,3.03,0.73,0.01,None,
O49-66,4,99.05,99.05,Tuf,Non-Obsidian,Flake,Complete,Fresh,No patina,0,,,No,,,,,,,,,,,,,,,,Edge Modification,Straight,Straight,Straight,Oval,Feather,Symmetrical,3,Along axis,Plain,Lipped,Yes,Flake,Pre detachment,Module 1,,Circumference,Dorsal,Flat,No,,No,,,,,,,,,,,,,,7.4,9.8,10.08,7.74,1.56,2.52,1.21,0.08,Photo+3d,
O49-39,4,99.15,99.15,Tuf,Non-Obsidian,Flake,Complete,Fresh,No patina,0,,,No,,,,,,,,,,,,,,,,Edge Modification,Convex,Concave,Straight,Oval,Feather,Symmetrical,7,Along axis,Plain,Lipped,Yes,Flake,Pre detachment,Module 3,,Circumference,Dorsal,Mixed,No,,No,,,,,,,,,,,,,,11.13,11.49,13.38,11.55,2.29,7.96,1.05,0.3,Photo+3d,
I49-6,4,98.9,98.78,Chert,Non-Obsidian,Flake,Complete,Fresh,No patina,0,,,No,,,,,,,,,,,,,,,,Edge Modification,Concave,Convex,Polyhedral,Oval,Feather,Asymetric to the left,5,Along axis,Plain,Lipped,Yes,Flake,Pre detachment,Module 3,,Circumference,Dorsal,Scraper like,No,,No,,,,,,,,,,,,,,9.6,8.68,11.04,8.62,1.41,7.28,2.37,0.09,Photo+3d,
I49-9,4,98.9,98.78,Tuf,Non-Obsidian,Flake,Complete,Fresh,No patina,0,,,No,,,,,,,,,,,,,,,,Edge Modification,Straight,Straight,Straight,Trapezoidal,Hinge,Symmetrical,3,Along axis,Plain,Lipped,Yes,Flake,Pre detachment,Module 1,,Circumference,Dorsal,Flat,No,,No,,,,,,,,,,,,,,10.39,7.05,10.54,9.13,3.06,4.24,0.99,0.14,None,
I49-15,4,98.9,98.78,Tuf,Non-Obsidian,Flake,Complete,Fresh,No patina,0,,,No,,,,,,,,,,,,,,,,Edge Modification,Straight,Straight,Straight,Trapezoidal,Feather,Symmetrical,2,Along axis side,Crushed,Not lipped,Yes,Flake,Pre detachment,Module 1,,Circumference,Dorsal,Flat,No,,No,,,,,,,,,,,,,,7.34,9.83,10.01,9.4,1.28,,,0.08,None,
I49-19,4,98.9,98.78,Tuf,Non-Obsidian,Flake,Complete,Fresh,No patina,0,,,No,,,,,,,,,,,,,,,,Edge Modification,Straight,Straight,Straight,Sub rectangular,Feather,Symmetrical,4,Along axis,Plain,Lipped,Yes,Flake,Pre detachment,Module 1,,Circumference,Dorsal,Flat,No,,No,,,,,,,,,,,,,,7.37,5.6,7.66,6.06,0.8,4.81,1.06,0.02,None,
I49-21,4,98.9,98.78,Tuf,Non-Obsidian,Flake,Complete,Fresh,No patina,0,,,No,,,,,,,,,,,,,,,,Edge Modification,Straight,Straight,Straight,Trapezoidal,Feather,Symmetrical,3,Along axis,Plain,Lipped,Yes,Flake,Pre detachment,Module 1,,Circumference,Dorsal,Regular,No,,No,,,,,,,,,,,,,,5.01,6.97,8.55,5.82,1.58,5.01,1.56,0.07,None,
I49-27,4,98.9,98.78,Basalt,Non-Obsidian,Flake,Complete,Fresh,No patina,0,,,No,,,,,,,,,,,,,,,,Edge Modification,Concave,Convex,Irregular,Trapezoidal,Feather,Symmetrical,4,Along axis side,Plain,Lipped,Yes,Flake,Pre detachment,Module 2,,Proxial until ridge,Dorsal,Regular,No,,No,,,,,,,,,,,,,,7.82,7.43,10.6,9.53,1.81,5.92,2.06,0.14,None,
I49-28,4,98.9,98.78,Tuf,Non-Obsidian,Flake,Complete,Fresh,No patina,0,,,No,,,,,,,,,,,,,,,,Edge Modification,Concave,Convex,Straight,Sub rectangular,Hinge,Symmetrical,3,Along axis,Plain,Lipped,Yes,Flake,Pre detachment,Module 2,,Circumference,Dorsal,Regular,No,,No,,,,,,,,,,,,,,12.98,12.15,17.05,13.32,2.45,7.57,3.31,0.47,None,
I49-29,4,98.9,98.78,Tuf,Non-Obsidian,Flake,Complete,Fresh,No patina,0,,,No,,,,,,,,,,,,,,,,Edge Modification,Straight,Straight,Straight,Oval,Feather,Symmetrical,1,Plain,Crushed,Not lipped,No,,,Module 0,,,,,,,No,,,,,,,,,,,,,,14.53,14.3,14.8,14.58,3.46,,,0.58,None,
I49-1,4,98.9,98.78,Tuf,Non-Obsidian,Flake,Complete,Fresh,No patina,0,,,No,,,,,,,,,,,,,,,,Edge Modification,Concave,Convex,Polyhedral,Irregular,Feather,Asymetric to the left,10,Along axis,Punctiform,Not lipped,Yes,Flake,Pre detachment,Module 3,,Circumference,Dorsal,Invasive,No,,No,,,,,,,,,,,,,,11.49,9.35,14.32,10.28,1.33,1.8,1.62,0.22,Photo+3d,
I49-1,4,98.9,98.78,Tuf,Non-Obsidian,Kombewa,Complete,Fresh,No patina,0,,,No,,,,,,,,,,,,,,,,Edge Modification,Concave,Convex,Polyhedral,Oval,Feather,Symmetrical,7,Along axis,Plain,Lipped,Yes,Flake,Pre detachment,Module 2,,Proxial until ridge,Dorsal,Scraper like,No,,No,,,,,,,,,,,,,,13.92,17.81,19.33,14.5,1.9,6.15,1.89,0.5,None,
I49-3,4,98.9,98.78,Tuf,Non-Obsidian,Flake,Complete,Fresh,No patina,25-50%,Distal left,,No,,,,,,,,,,,,,,,,Edge Modification,Straight,Concave,Concave,Oval,Hinge,Symmetrical,1,Along axis,Dihedral,Lipped,Yes,Flake,Pre detachment,Module 1,,Proximal,Dorsal,Isolated removals,No,,No,,,,,,,,,,,,,,11.16,20.17,23.41,11.71,2.93,17.84,2.63,0.89,None,
I49,4,99,99,Tuf,Non-Obsidian,Flake,Complete,Fresh,No patina,0,,,No,,,,,,,,,,,,,,,,Edge Modification,Straight,Straight,Polyhedral,Leaf shaped,Feather,Symmetrical,10,Along axis,Plain,Lipped,Yes,Flake,Pre detachment,Module 3,,Circumference,Dorsal,Flat,No,,No,,,,,,,,,,,,,,15.62,11.42,15.66,11.94,2.13,5.58,1.58,0.43,Photo+3d,
O48,4,99.06,99.06,Chert,Non-Obsidian,Flake,Complete,Fresh,No patina,0,,,No,,,,,,,,,,,,,,,,Edge Modification,Concave,Convex,Straight,Trapezoidal,Feather,Symmetrical,16,Along axis side,Punctiform,Not lipped,Yes,Flake,Pre detachment,Module 4,,Circumference,Dorsal,Scraper like,No,,No,,,,,,,,,,,,,,16.83,21.18,27.28,16.98,5.61,3.03,1.81,2.18,Photo+3d,Two ventrals
M49-40,4,99.03,99.03,Tuf,Non-Obsidian,Flake,Complete,Fresh,No patina,0,,,No,,,,,,,,,,,,,,,,Edge Modification,Concave,Convex,Straight,Oval,Feather,Symmetrical,7,Along axis,Plain,Lipped,Yes,Flake,Pre detachment,Module 3,,Circumference,Dorsal,Half quina,No,,No,,,,,,,,,,,,,,11.27,14.51,16.85,13.66,2.76,5.21,1.79,0.59,Photo+3d,
I49-126,4,98.83,98.83,Tuf,Non-Obsidian,Flake,Complete,Fresh,No patina,0,,,No,,,,,,,,,,,,,,,,Edge Modification,Concave,Convex,Irregular,Sub rectangular,Feather,Asymetric to the left,10,Along axis,Plain,Lipped,Yes,Flake,Pre detachment,Module 3,,Circumference,Dorsal,Half quina,No,,No,,,,,,,,,,,,,,13,13.91,17.12,13.89,2.2,3.45,1.5,0.48,None,
I49-128,4,98.81,98.81,Tuf,Non-Obsidian,Flake,Complete,Fresh,No patina,0,,,No,,,,,,,,,,,,,,,,Edge Modification,Straight,Straight,Straight,Oval,Feather,Symmetrical,3,Along axis,Plain,Lipped,Yes,Flake,Pre detachment,Module 1,,Circumference,Dorsal,Scraper like,No,,No,,,,,,,,,,,,,,6.42,8.88,11.6,8.16,1.84,8.83,2.03,0.13,None,
I49-127,4,98.81,98.81,Tuf,Non-Obsidian,Flake,Complete,Fresh,No patina,0,,,No,,,,,,,,,,,,,,,,Edge Modification,Straight,Convex,Straight,Oval,Feather,Symmetrical,4,Along axis side,Dihedral,Lipped,Yes,Flake,Pre detachment,Module 2,,Proxial until ridge,Dorsal,Scraper like,No,,No,,,,,,,,,,,,,,8.25,15.96,17.99,8.66,2.82,9.14,2.63,0.38,None,
K49-59-2,4,99.02,99.02,Tuf,Non-Obsidian,Flake,Complete,Fresh,No patina,0,,,No,,,,,,,,,,,,,,,,Edge Modification,Concave,Convex,Straight,Trapezoidal,Feather,Symmetrical,5,Along axis,Plain,Lipped,Yes,Flake,Pre detachment,Module 2,,Proxial until ridge,Dorsal,Flat,No,,No,,,,,,,,,,,,,,19.81,15.77,20.96,19.54,1.64,8.48,1.27,0.75,None,
J49-134,4,98.93,98.93,Tuf,Non-Obsidian,Flake,Complete,Fresh,No patina,0,,,No,,,,,,,,,,,,,,,,Edge Modification,Concave,Convex,Polyhedral,Trapezoidal,Feather,Asymetric to the right,6,Along axis,Faceted,Lipped,Yes,Flake,Pre detachment,Module 2,,Proxial until ridge,Dorsal,Quina,No,,No,,,,,,,,,,,,,,12.7,20.99,24.09,16.59,4.29,11.76,4.74,1.96,None,
J49-155,4,98.9,98.9,Tuf,Non-Obsidian,Flake,Complete,Fresh,No patina,0,,,No,,,,,,,,,,,,,,,,Edge Modification,Concave,Convex,Straight,Irregular,Feather,Asymetric to the left,5,Along axis,Plain,Lipped,Yes,Flake,Pre detachment,Module 2,,Proxial until ridge,Dorsal,Scraper like,No,,No,,,,,,,,,,,,,,15.85,14.2,19.07,14.46,2.3,6.38,0.83,0.58,None,
P48-10-2,7,99.54,99.54,Tuf,Non-Obsidian,Flake,Complete,Fresh,No patina,0,,,No,,,,,,,,,,,,,,,,Edge Modification,Concave,Convex,Oblique,Leaf shaped,Feather,Asymetric to the right,3,Along axis side,Plain,Not lipped,Yes,Flake,Pre detachment,Module 1,,Circumference,Dorsal,Flat,No,,No,,,,,,,,,,,,,,7.8,5.56,7.97,5.8,0.86,3.13,0.99,0.01,None,
O48-12,7,99.53,99.53,Tuf,Non-Obsidian,Kombewa,Complete,Fresh,No patina,0,,,No,,,,,,,,,,,,,,,,Edge Modification,Straight,Straight,Straight,Trapezoidal,Feather,Symmetrical,1,Plain,Punctiform,Not lipped,No,,,Module 0,,,,,,,No,,,,,,,,,,,,,,5.24,7.04,7.16,5.48,0.68,3.55,0.61,0.01,None,
J49-110,7,99.73,99.73,Tuf,Non-Obsidian,Flake,Complete,Fresh,No patina,0,,,No,,,,,,,,,,,,,,,,Edge Modification,Concave,Convex,Oblique,Trapezoidal,Feather,Symmetrical,3,Along axis opposed,Punctiform,Not lipped,Yes,Flake,Pre detachment,Module 4,,Circumference,Dorsal,Regular,No,,No,,,,,,,,,,,,,,12.06,15.7,15.44,12.8,5.09,1.61,1.46,0.84,Photo+3d,Two ventrals
J49,7,99.86,99.86,Chert (green),Non-Obsidian,Flake,Dist ,Fresh,No patina,0,,,No,,,,,,,,,,,,,,,,Edge Modification,,,,,,,2,Along axis,Plain,Not lipped,Yes,Flake,Pre detachment,Module 1,,Circumference,Dorsal,Scraper like,No,,No,,,,,,,,,,,,,,,,10.68,7.25,2.23,3.86,0.96,0.18,None,
O50-8,7,99.49,99.49,Chert (green),Non-Obsidian,Flake,Complete,Fresh,No patina,1,,,No,,,,,,,,,,,,,,,,Edge Modification,Straight,Straight,Straight,Oval,Feather,Symmetrical,,,Plain,Lipped,No,,,Module 0,,,,,,,No,,,,,,,,,,,,,,16.28,13.29,16.6,13.71,4.11,8.43,3.78,0.77,None,
N49-f,7,99.59,99.59,Gutansar,Obsidian,Flake,Complete,Fresh,No patina,0,,,No,,,,,,,,,,,,,,,,Edge Modification,Straight,Straight,Straight,Trapezoidal,Feather,Symmetrical,4,Along axis,Crushed,Not lipped,Yes,Flake,Pre detachment,Module 1,,Circumference,Dorsal,Regular,No,,No,,,,,,,,,,,,,,3.89,6.1,7.04,4.51,1.01,,,0.01,None,
K49,7,99.84,99.84,Gutansar,Obsidian,Flake,Complete,Fresh,No patina,0,,,No,,,,,,,,,,,,,,,,Edge Modification,Concave,Convex,Polyhedral,Trapezoidal,Feather,Symmetrical,6,Along axis,Plain,Lipped,Yes,Flake,Pre detachment,Module 3,,Circumference,Dorsal,Invasive,No,,No,,,,,,,,,,,,,,8.59,12.28,15.66,9.56,2,11.58,3.15,0.35,Photo+3d,
P49-b,7,99.44,99.44,Gutansar,Obsidian,Kombewa,Complete,Fresh,No patina,0,,,No,,,,,,,,,,,,,,,,Edge Modification,Concave,Straight,Oblique,Triangular,Feather,Symmetrical,1,Along axis,Punctiform,Not lipped,Yes,Flake,Pre detachment,Module 1,,Proximal right,Dorsal,Isolated removals,No,,No,,,,,,,,,,,,,,10.04,8.59,10.2,8.66,1.72,1.23,0.69,0.11,None,
P49-c,7,99.64,99.6,Gutansar,Obsidian,Kombewa,Complete,Fresh,No patina,0,,,No,,,,,,,,,,,,,,,,Edge Modification,Straight,Straight,Triangular,Irregular,Feather,Symmetrical,2,Along axis,Plain,Lipped,Yes,Kombewa flake,Pre detachment,Module 1,,Proximal,Dorsal,Isolated removals,No,,No,,,,,,,,,,,,,,7.65,9.36,11.27,7.63,1.6,8.63,2.55,0.16,None,
P49-d,7,99.64,99.64,Gutansar,Obsidian,Flake,Complete,Fresh,No patina,0,,,No,,,,,,,,,,,,,,,,Edge Modification,Concave,Convex,Straight,Trapezoidal,Retouched,Symmetrical,18,Along axis opposed,Punctiform,Not lipped,Yes,Flake,Pre detachment,Module 4,,Circumference,Dorsal,Invasive,No,,No,,,,,,,,,,,,,,9.51,18.31,18.44,10.17,2.33,0.95,1.03,0.44,Photo+3d,Two ventrals
P49-e,7,99.64,99.64,Gutansar,Obsidian,Flake,Complete,Fresh,No patina,0,,,No,,,,,,,,,,,,,,,,Edge Modification,Concave,Convex,Straight,Trapezoidal,Retouched,Symmetrical,15,Along axis opposed,Crushed,Not lipped,Yes,Flake,Pre detachment,Module 4,,Circumference,Dorsal,Invasive,No,,No,,,,,,,,,,,,,,12.52,20.28,20.46,12.39,3.83,,,0.77,Photo+3d,Two ventrals
P49-f,7,99.64,99.64,Sevkar,Obsidian,Flake,Complete,Fresh,No patina,0,,,No,,,,,,,,,,,,,,,,Edge Modification,Concave,Convex,Polyhedral,Trapezoidal,Feather,Symmetrical,10,Along axis,Plain,Lipped,Yes,Flake,Pre detachment,Module 3,,Circumference,Dorsal,Scraper like,No,,No,,,,,,,,,,,,,,9.51,9.71,10.22,12.14,2.09,5.86,0.94,0.22,Photo+3d,
P49-g,7,99.64,99.64,Gutansar,Obsidian,Flake,Complete,Fresh,No patina,0,,,No,,,,,,,,,,,,,,,,Edge Modification,Convex,Concave,Polyhedral,Sub rectangular,Feather,Symmetrical,8,Along axis,Crushed,Not lipped,Yes,Flake,Pre detachment,Module 3,,Circumference,Dorsal,Flat,No,,No,,,,,,,,,,,,,,9.35,7.35,9.66,8.19,0.81,,,0.08,None,
L49-b,7,99.55,99.55,Hatis,Obsidian,Flake,Complete,Fresh,No patina,0,,,No,,,,,,,,,,,,,,,,Edge Modification,Straight,Straight,Straight,Trapezoidal,Feather,Symmetrical,9,Along axis side,Punctiform,Not lipped,Yes,Flake,Pre detachment,Module 3,,Circumference,Dorsal,Flat,No,,No,,,,,,,,,,,,,,11.34,10.77,11.85,13.08,1.41,3.4,0.88,0.26,None,
L49-c,7,99.55,99.55,Gutansar,Obsidian,Flake,Complete,Fresh,No patina,0,,,No,,,,,,,,,,,,,,,,Edge Modification,Straight,Straight,Polyhedral,Sub rectangular,Feather,Symmetrical,7,Along axis side,Plain,Lipped,Yes,Flake,Pre detachment,Module 2,,Circumference,Dorsal,Scraper like,No,,No,,,,,,,,,,,,,,8.14,6.39,8.17,6.83,1.23,5.23,1.13,0.07,None,
L49-a,7,99.68,99.68,Gutansar,Obsidian,Flake,Complete,Fresh,No patina,0,,,No,,,,,,,,,,,,,,,,Edge Modification,Straight,Straight,Straight,Leaf shaped,Feather,Asymetric to the right,5,Along axis side,Crushed,Not lipped,No,,,Module 3,,,,,,,No,,,,,,,,,,,,,,8.88,11.05,14.47,9.28,1.24,,,0.13,None,
L49-b,7,99.68,99.68,Sevkar,Obsidian,Flake,Complete,Fresh,No patina,0,,,No,,,,,,,,,,,,,,,,Edge Modification,Concave,Convex,Straight,Trapezoidal,Feather,Symmetrical,12,Along axis opposed,Crushed,Not lipped,Yes,Flake,Pre detachment,Module 4,,Circumference,Dorsal,Invasive,No,,No,,,,,,,,,,,,,,6.83,10.24,10.57,8.72,2.24,,,0.17,Photo+3d,Two ventrals
L49-g,7,99.68,99.68,Gutansar,Obsidian,Flake,Complete,Fresh,No patina,0,,,No,,,,,,,,,,,,,,,,Edge Modification,Straight,Straight,Straight,Pointed,Feather,Symmetrical,4,Along axis side,Plain,Not lipped,Yes,Flake,Pre detachment,Module 1,,Circumference,Dorsal,Regular,No,,No,,,,,,,,,,,,,,6.61,5.46,6.61,5.3,0.84,2.72,0.9,0.01,None,
J49,7,99.64,99.64,Tsaghk-1-ar64,Obsidian,Flake,Complete,Fresh,No patina,0,,,No,,,,,,,,,,,,,,,,Edge Modification,Straight,Straight,Straight,Sub rectangular,Feather,Symmetrical,7,Along axis,Plain,Lipped,Yes,Flake,Pre detachment,Module 3,,Circumference,Dorsal,Scraper like,No,,No,,,,,,,,,,,,,,10.16,6.98,10.25,7.49,0.97,2.14,1.17,0.08,None,
J49-b,7,99.86,99.86,Tsaghk-2-ar60,Obsidian,Flake,Complete,Fresh,No patina,0,,,No,,,,,,,,,,,,,,,,Edge Modification,Concave,Convex,Straight,Trapezoidal,Feather,Symmetrical,5,Along axis,Plain,Not lipped,Yes,Flake,Pre detachment,Module 2,,Proxial until ridge,Dorsal,Scraper like,No,,No,,,,,,,,,,,,,,7.61,15.08,14.83,8.82,2.25,1.82,1.02,0.31,None,
N50-b,7,99.77,99.77,Tsaghk-1-ar64,Obsidian,Flake,Complete,Fresh,No patina,0,,,No,,,,,,,,,,,,,,,,Edge Modification,Straight,Straight,Straight,Leaf shaped,Feather,Asymetric to the right,4,Along axis,Plain,Lipped,Yes,Flake,Pre detachment,Module 3,,Distal,Dorsal,Invasive,No,,No,,,,,,,,,,,,,,15.72,11.74,18.45,12.58,3.02,7.14,2.5,0.52,None,
N50-c,7,99.77,99.77,Gutansar,Obsidian,Kombewa,Dist ,Fresh,No patina,0,,,No,,,,,,,,,,,,,,,,Edge Modification,,,,,,,8,Along axis,Plain,Lipped,Yes,Flake,Pre detachment,Module 2,,Proximal,Dorsal,Scraper like,No,,No,,,,,,,,,,,,,,,,17.99,12.88,2.4,3.63,1.16,0.59,None,
N49,7,99.59,99.59,Gutansar,Obsidian,Flake,Complete,Fresh,No patina,0,,,No,,,,,,,,,,,,,,,,Edge Modification,Concave,Convex,Triangular,Leaf shaped,Feather,Symmetrical,10,Along axis,Plain,Lipped,Yes,Flake,Pre detachment,Module 3,,Circumference,Dorsal,Half quina,No,,No,,,,,,,,,,,,,,13.4,10,14.09,9.67,1.98,3.91,1.01,0.27,None,
I48-a,7,99.33,99.1,Hatis,Obsidian,Flake,Complete,Fresh,No patina,0,,,No,,,,,,,,,,,,,,,,Edge Modification,Straight,Convex,Straight,Trapezoidal,Feather,Symmetrical,9,Along axis opposed,Crushed,Not lipped,Yes,Flake,Pre detachment,Module 3,,Circumference,Dorsal,Scraper like,No,,No,,,,,,,,,,,,,,6.93,6.99,9.69,11.77,2.15,,,0.21,None,
I49-e,7,99.54,99.38,Gutansar,Obsidian,Flake,Lat ,Fresh,No patina,0,,,No,,,,,,,,,,,,,,,,Edge Modification,,,,,Feather,,8,Along axis side,Crushed,Not lipped,Yes,Flake,Pre detachment,Module 3,,Circumference,Dorsal,Scraper like,No,,No,,,,,,,,,,,,,,,,17.81,9.76,1.66,,,0.34,None,
O48,7,99.44,99.44,Sevkar,Obsidian,Flake,Complete,Fresh,No patina,0,,,No,,,,,,,,,,,,,,,,Edge Modification,Straight,Straight,Straight,Trapezoidal,Feather,Symmetrical,9,Along axis side,Punctiform,Not lipped,Yes,Flake,Pre detachment,Module 4,,Circumference,Dorsal,Half quina,No,,No,,,,,,,,,,,,,,8.66,8.59,10.73,9.55,1.62,0.72,0.9,0.18,Photo+3d,Two ventrals
O50,7,99.66,99.66,Hatis,Obsidian,Kombewa,Complete,Fresh,No patina,0,,,No,,,,,,,,,,,,,,,,Edge Modification,Straight,Straight,Straight,Trapezoidal,Feather,Symmetrical,1,Plain,Dihedral,Lipped,No,,,Module 0,,,,,,,No,,,,,,,,,,,,,,6.26,10.46,12.2,6.29,1.71,4.58,2.02,0.09,None,
O48-a,7,99.38,99.38,Tsaghk-1-ar64,Obsidian,Flake,Complete,Fresh,No patina,1-25%,Distal left,,No,,,,,,,,,,,,,,,,Edge Modification,Straight,Straight,Straight,Sub rectangular,Feather,Symmetrical,6,Along axis,Punctiform,Lipped,Yes,Flake,Pre detachment,Module 2,,Proxial until ridge,Dorsal,Mixed,No,,No,,,,,,,,,,,,,,15.14,14.62,15.89,14.85,2.23,2.48,1.09,0.49,None,
O48,7,99.38,99.38,Hatis,Obsidian,Flake,Complete,Fresh,No patina,0,,,No,,,,,,,,,,,,,,,,Edge Modification,Concave,Convex,Irregular,Irregular,Feather,Symmetrical,13,Along axis,Crushed,Not lipped,Yes,Flake,Pre detachment,Module 3,,Circumference,Dorsal,Half quina,No,,No,,,,,,,,,,,,,,11.64,10.36,11.69,11.47,2.08,,,0.19,None,
O50-a,7,99.59,99.59,Gutansar,Obsidian,Flake,Complete,Fresh,No patina,0,,,No,,,,,,,,,,,,,,,,Edge Modification,Straight,Straight,Straight,Oval,Feather,Symmetrical,6,Along axis side,Plain,Lipped,Yes,Flake,Pre detachment,Module 3,,Circumference,Dorsal,Scraper like,No,,No,,,,,,,,,,,,,,6.86,8.6,10.99,6.59,1.71,2.07,0.82,0.09,None,
O50-c,7,99.59,99.59,Gutansar,Obsidian,Kombewa,Complete,Fresh,No patina,0,,,No,,,,,,,,,,,,,,,,Edge Modification,Straight,Straight,Straight,Irregular,Feather,Asymetric to the left,1,Plain,Punctiform,Not lipped,No,,,Module 0,,,,,,,No,,,,,,,,,,,,,,12.6,6.77,15.79,9.72,0.9,1.12,0.73,0.13,None,
O50-h,7,99.59,99.59,Gutansar,Obsidian,Flake,Complete,Fresh,No patina,0,,,No,,,,,,,,,,,,,,,,Edge Modification,Straight,Straight,Straight,Trapezoidal,Feather,Symmetrical,3,Along axis,Punctiform,Not lipped,Yes,Flake,Pre detachment,Module 1,,Circumference,Dorsal,Regular,No,,No,,,,,,,,,,,,,,4.11,3.54,6.64,4.84,1.08,1.27,0.92,0.01,None,
O48-14-1,7,99.43,99.43,Sevkar,Obsidian,Flake,Complete,Fresh,No patina,0,,,No,,,,,,,,,,,,,,,,Edge Modification,Straight,Straight,Triangular,Pointed,Feather,Symmetrical,2,Along axis,Plain,Not lipped,Yes,Flake,Pre detachment,Module 1,,Circumference,Dorsal,Regular,No,,No,,,,,,,,,,,,,,6.52,4.62,6.42,4.66,1.26,2.32,0.66,0.01,None,
O48-14-2,7,99.43,99.43,Hatis,Obsidian,Flake,Complete,Fresh,No patina,0,,,No,,,,,,,,,,,,,,,,Edge Modification,Concave,Convex,Straight,Trapezoidal,Feather,Symmetrical,3,Along axis side,Plain,Lipped,Yes,Flake,Pre detachment,Module 1,,Proximal,Dorsal,Regular,No,,No,,,,,,,,,,,,,,4.78,5.61,10.48,4.71,1.34,3.37,0.79,0.05,None,
P48-13-1,7,99.4,99.4,Tsaghk-1-ar64,Obsidian,Flake,Complete,Fresh,No patina,0,,,No,,,,,,,,,,,,,,,,Edge Modification,Straight,Convex,Oblique,Trapezoidal,Feather,Asymetric to the left,7,Along axis side,Punctiform,Lipped,Yes,Flake,Pre detachment,Module 3,,Circumference,Dorsal,Half quina,No,,No,,,,,,,,,,,,,,6.67,9.82,10.88,6.96,2.26,1.95,1.5,0.11,None,
P-48-13-2,7,99.4,99.4,Gutansar,Obsidian,Flake,Complete,Fresh,No patina,0,,,No,,,,,,,,,,,,,,,,Edge Modification,Straight,Straight,Concave,Pointed,Feather,Symmetrical,4,Along axis,Plain,Not lipped,Yes,Flake,Pre detachment,Module 3,,Circumference,Dorsal,Scraper like,No,,No,,,,,,,,,,,,,,7.93,5.45,9.18,6.98,1.02,1.85,0.72,0.05,None,
P48-13-3,7,99.4,99.4,Hatis,Obsidian,Flake,Complete,Fresh,No patina,0,,,No,,,,,,,,,,,,,,,,Edge Modification,Concave,Convex,Triangular,Leaf shaped,Feather,Symmetrical,4,Along axis side,Plain,Lipped,Yes,Flake,Pre detachment,Module 1,,Circumference,Dorsal,Scraper like,No,,No,,,,,,,,,,,,,,6.85,4.47,7.87,4.8,0.62,3.32,1.08,0.02,None,K49-19-1
K49-19-1,7,99.69,99.69,Hatis,Obsidian,Kombewa,Complete,Fresh,No patina,0,,,Yes,,,,,,,,,,,,,,,,Edge Modification,Straight,Straight,Straight,Irregular,Feather,Symmetrical,3,Opposed,Plain,Lipped,Yes,Flake,Pre detachment,Module 1,,Distal,Dorsal,Regular,No,,No,,,,,,,,,,,,,,5.81,6.87,7.51,6.51,1.26,5.8,2.1,0.07,None,
N49-20-1,4,99.19,99.19,Hatis,Obsidian,Flake,Complete,Fresh,No patina,0,,,No,,,,,,,,,,,,,,,,Edge Modification,Concave,Convex,Triangular,Sub rectangular,Feather,Asymetric to the right,3,Along axis side,Plain,Lipped,Yes,Flake,Pre detachment,Module 1,,Circumference,Dorsal,Regular,No,,No,,,,,,,,,,,,,,6.52,5.68,6.68,5.73,1.15,2.69,1.3,0.05,None,
N49-20-2,4,99.19,99.19,Gutansar,Obsidian,Flake,Complete,Fresh,No patina,0,,,No,,,,,,,,,,,,,,,,Edge Modification,Straight,Straight,Triangular,Sub rectangular,Feather,Asymetric to the right,2,Along axis side,Plain,Not lipped,Yes,Flake,Pre detachment,Module 1,,Circumference,Dorsal,Regular,No,,No,,,,,,,,,,,,,,6.22,4.19,6.55,4.2,0.98,2.68,0.82,0.02,None,
P50-15-a,7,99.52,99.52,Gutansar,Obsidian,Flake,Complete,Fresh,No patina,0,,,No,,,,,,,,,,,,,,,,Edge Modification,Straight,Straight,Irregular,Trapezoidal,Hinge,Symmetrical,6,Along axis opposed,Punctiform,Lipped,Yes,Flake,Pre detachment,Module 3,,Circumference,Dorsal,Half quina,No,,No,,,,,,,,,,,,,,9.27,9.64,11.06,9.71,1.64,1.7,0.36,0.17,None,
J49-111-b,7,99.65,99.65,Hatis,Obsidian,Flake,Complete,Fresh,No patina,0,,,No,,,,,,,,,,,,,,,,Edge Modification,Concave,Convex,Straight,Trapezoidal,Feather,Symmetrical,8,Along axis,Plain,Lipped,Yes,Flake,Pre detachment,Module 4,,Circumference,Dorsal,Half quina,No,,No,,,,,,,,,,,,,,4.37,7.22,8.64,4.64,1.88,6.12,1.82,0.05,Photo+3d,
K49-21-b,7,99.6,99.6,Tsaghk-3-ar59,Obsidian,Flake,Complete,Fresh,No patina,0,,,No,,,,,,,,,,,,,,,,Edge Modification,Concave,Convex,Oblique,Oval,Feather,Symmetrical,8,Along axis side,Plain,Not lipped,Yes,Flake,Pre detachment,Module 2,,Distal proximal right,Dorsal,Regular,No,,No,,,,,,,,,,,,,,10.31,6.09,10.29,8.94,1.7,2.89,1.19,0.15,None,
O48-9-a,7,99.56,99.56,Gutansar,Obsidian,Flake,Complete,Fresh,No patina,0,,,No,,,,,,,,,,,,,,,,Edge Modification,Straight,Straight,Trapezoidal,Leaf shaped,Feather,Asymetric to the left,4,Along axis,Plain,Lipped,Yes,Flake,Pre detachment,Module 2,,Proxial until ridge,Dorsal,Invasive,No,,No,,,,,,,,,,,,,,3.91,7.69,9.09,3.66,2.01,1.98,1.36,0.04,None,
K49-73,4,98.99,98.99,Tsaghk-1-ar64,Obsidian,Flake,Complete,Fresh,No patina,0,,,No,,,,,,,,,,,,,,,,Edge Modification,Concave,Convex,Triangular,Trapezoidal,Feather,Asymetric to the left,2,Along axis,Plain,Lipped,Yes,Flake,Pre detachment,Module 1,,Circumference,Dorsal,Regular,No,,No,,,,,,,,,,,,,,6.97,7.68,10.84,7.53,2.01,3.95,2.02,0.11,Photo+3d,
M49-43-a,4,99.02,99.02,Hatis,Obsidian,Flake,Complete,Fresh,No patina,0,,,No,,,,,,,,,,,,,,,,Edge Modification,Concave,Convex,Straight,Irregular,Feather,Symmetrical,13,Along axis opposed,Punctiform,Lipped,Yes,Flake,Pre detachment,Module 3,,Circumference,Dorsal,Scraper like,No,,No,,,,,,,,,,,,,,7.98,12.8,13.11,8.3,2.08,1.63,1.07,0.24,Photo+3d,
O49-12-b,7,99.54,99.54,Sevkar,Obsidian,Kombewa,Complete,Fresh,No patina,0,,,No,,,,,,,,,,,,,,,,Edge Modification,Straight,Straight,Straight,Sub rectangular,Feather,Symmetrical,7,Along axis,Punctiform,Not lipped,Yes,Flake,Pre detachment,Module 2,,Proxial until ridge,Dorsal,Scraper like,No,,No,,,,,,,,,,,,,,9.3,6.43,10.19,6.8,0.97,2.44,0.52,0.05,None,
P49-14,7,99.47,99.47,Gutansar,Obsidian,Flake,Complete,Fresh,No patina,0,,,No,,,,,,,,,,,,,,,,Edge Modification,Straight,Straight,Convex,Sub rectangular,Feather,Symmetrical,11,Along axis side,Punctiform,Lipped,Yes,Flake,Pre detachment,Module 3,,Circumference,Dorsal,Scraper like,No,,No,,,,,,,,,,,,,,17.03,12.41,16.8,15.26,3.1,2.44,2.6,0.64,None,
L49-17-a,7,99.51,99.51,Gutansar,Obsidian,Flake,Complete,Fresh,No patina,0,,,No,,,,,,,,,,,,,,,,Edge Modification,Straight,Straight,Straight,Oval,Hinge,Symmetrical,3,Along axis,Plain,Not lipped,Yes,Flake,Pre detachment,Module 1,,Circumference,Dorsal,Regular,No,,No,,,,,,,,,,,,,,6.28,5.81,6.84,6.03,1.13,2.91,0.77,0.02,None,
L49-17-b,7,99.51,99.51,Gutansar,Obsidian,Flake,Complete,Fresh,No patina,0,,,No,,,,,,,,,,,,,,,,Edge Modification,Straight,Straight,Straight,Oval,Feather,Symmetrical,2,Along axis side,Plain,Not lipped,Yes,Flake,Pre detachment,Module 1,,Circumference,Dorsal,Regular,No,,No,,,,,,,,,,,,,,9.37,8.35,10.17,8.46,1.83,1.69,0.76,0.13,None,
L49-14,7,99.57,99.57,Gutansar,Obsidian,Flake,Complete,Fresh,No patina,0,,,No,,,,,,,,,,,,,,,,Edge Modification,Concave,Convex,Oblique,Oval,Feather,Asymetric to the right,7,Side,Crushed,Not lipped,Yes,Flake,Pre detachment,Module 3,,Circumference,Dorsal,Mixed,No,,No,,,,,,,,,,,,,,16.95,19.07,23.05,16.36,3.14,,,1.07,Photo+3d,
N49-8-a,7,99.53,99.53,Gutansar,Obsidian,Flake,Complete,Fresh,No patina,0,,,No,,,,,,,,,,,,,,,,Edge Modification,Straight,Straight,Trapezoidal,Sub rectangular,Feather,Symmetrical,6,Centripetal,Punctiform,Not lipped,Yes,Flake,Pre detachment,Module 3,,Circumference,Dorsal,Regular,No,,No,,,,,,,,,,,,,,17.64,11.42,17.83,12.17,2.89,3.64,2.18,0.71,None,
N49-8-b,7,99.53,99.53,Hatis,Obsidian,Flake,Complete,Fresh,No patina,0,,,No,,,,,,,,,,,,,,,,Edge Modification,Concave,Straight,Straight,Irregular,Plunging,Symmetrical,6,Along axis,Punctiform,Not lipped,Yes,Flake,Pre detachment,Module 3,,Circumference,Dorsal,Scraper like,No,,No,,,,,,,,,,,,,,8.09,10.13,10.35,7.41,1.63,2.18,1.25,0.11,None,
O48-12,7,99.53,99.53,Gutansar,Obsidian,Flake,Complete,Fresh,No patina,0,,,No,,,,,,,,,,,,,,,,Edge Modification,Concave,Convex,Irregular,Irregular,Feather,Symmetrical,10,Along axis,Plain,Lipped,Yes,Flake,Pre detachment,Module 3,,Circumference,Dorsal,Scraper like,No,,No,,,,,,,,,,,,,,9.73,8.29,10.11,8.66,1.55,3.09,1.44,0.13,None,
O48-11,7,99.57,99.57,Hatis,Obsidian,Flake,Complete,Fresh,No patina,0,,,No,,,,,,,,,,,,,,,,Edge Modification,Concave,Convex,Straight,Oval,Plunging,Symmetrical,5,Along axis side,Punctiform,Not lipped,Yes,Flake,Pre detachment,Module 2,,Circumference,Dorsal,Scraper like,No,,No,,,,,,,,,,,,,,6.81,7.17,8.01,7.21,1.65,2.1,1.22,0.09,None,
O49-13,7,99.5,99.5,Gutansar,Obsidian,Flake,Complete,Fresh,No patina,0,,,No,,,,,,,,,,,,,,,,Edge Modification,Concave,Convex,Oblique,Irregular,Feather,Symmetrical,5,Along axis side,Punctiform,Lipped,Yes,Flake,Pre detachment,Module 1,,Circumference,Dorsal,Scraper like,No,,No,,,,,,,,,,,,,,7.13,4.51,6.39,5.66,1.48,2.82,0.72,0.05,None,
P48-10,7,99.54,99.54,Hatis,Obsidian,Flake,Complete,Fresh,No patina,0,,,No,,,,,,,,,,,,,,,,Edge Modification,Straight,Straight,Straight,Oval,Feather,Symmetrical,3,Along axis side,Plain,Lipped,Yes,Flake,Pre detachment,Module 1,,Circumference,Dorsal,Regular,No,,No,,,,,,,,,,,,,,4.43,4.27,5.48,4.44,1.54,2.19,0.84,0.03,Photo+3d,
K49-30,7,99.53,99.53,Gutansar,Obsidian,Flake,Prox ,Fresh,No patina,0,,,No,,,,,,,,,,,,,,,,Edge Modification,,,,,Retouched,,3,Convergent,,,Yes,Flake,Pre detachment,Module 4,,Distal,Dorsal,Quina,No,,No,,,,,,,,,,,,,,,,26.6,15.43,5.69,,,1.7,Photo+3d,Tip removal
P49-15,7,99.46,99.46,Gutansar,Obsidian,Flake,Complete,Fresh,No patina,0,,,No,,,,,,,,,,,,,,,,Edge Modification,Straight,Straight,Polyhedral,Irregular,Feather,Asymetric to the right,11,Along axis,Plain,Lipped,Yes,Flake,Pre detachment,Module 3,,Circumference,Dorsal,Flat,No,,No,,,,,,,,,,,,,,19.09,15.88,20.55,16.32,3.22,10.39,2.1,0.95,Photo+3d,
O50-10,7,99.35,99.35,Gutansar,Obsidian,Kombewa,Complete,Fresh,No patina,0,,,No,,,,,,,,,,,,,,,,Edge Modification,Straight,Straight,Straight,Oval,Feather,Symmetrical,8,Along axis,Plain,Lipped,Yes,Kombewa flake,Pre detachment,Module 2,,Proximal,Dorsal,Flat,No,,No,,,,,,,,,,,,,,12.76,29.56,29.6,20.26,5.54,20.47,8.48,2.48,Photo+3d,
I49-16,7,99.86,99.86,Gutansar,Obsidian,Flake,Complete,Fresh,No patina,0,,,No,,,,,,,,,,,,,,,,Edge Modification,Straight,Straight,Straight,Irregular,Feather,Symmetrical,6,Convergent side,Plain,Lipped,Yes,Flake,Pre detachment,Module 1,,Proximal,Dorsal,Fine,No,,No,,,,,,,,,,,,,,11.86,18.21,26.82,11.82,3.5,16.39,4.57,0.92,None,
L49-9,7,99.59,99.59,Tsaghk-2-ar60,Obsidian,Flake,Complete,Fresh,No patina,0,,,No,,,,,,,,,,,,,,,,Edge Modification,Straight,Oblique,Straight,Trapezoidal,Feather,Symmetrical,7,Along axis side,Plain,Lipped,Yes,Flake,Pre detachment,Module 3,,Proximal,Dorsal,Regular,No,,Yes,,Proximal,Ventral,Signs of use,Straight,,,,,,,,,7.85,18.15,20.33,7.93,3.59,19.45,8.76,1.52,Photo+3d,
I49-23,7,99.75,99.75,Hatis,Obsidian,Kombewa,Prox + Lat,Fresh,No patina,0,,,No,,,,,,,,,,,,,,,,Edge Modification,,,,,Retouched,,1,Plain,,,Yes,Flake,Pre detachment,Module 4,,Distal,Dorsal,Regular,No,,No,,,,,,,,,,,,,,,,20.52,19.8,3.45,,,1.63,None,
M50-16,7,99.45,99.45,Hatis,Obsidian,Flake,Complete,Fresh,No patina,0,,,No,,,,,,,,,,,,,,,,Edge Modification,Straight,Concave,Concave,Trapezoidal,Feather,Symmetrical,6,Along axis,Crushed,Not lipped,Yes,Flake,Pre detachment,Module 2,,Proximal,Dorsal,Scraper like,No,,No,,,,,,,,,,,,,,10.08,18.67,20.47,12.17,2.94,,,0.7,None,
M50-5,7,99.97,99.97,Hatis,Obsidian,Flake,Complete,Fresh,No patina,0,,,No,,,,,,,,,,,,,,,,Edge Modification,Concave,Convex,Straight,Trapezoidal,Retouched,Symmetrical,18,Along axis opposed,Crushed,Not lipped,Yes,Flake,Pre detachment,Module 4,,Circumference,Dorsal,Quina,No,,No,,,,,,,,,,,,,,9.9,19.24,20.27,9.86,7.76,,,1.35,None,
P50-13,7,99.54,99.54,Sevkar,Obsidian,Flake,Complete,Fresh,No patina,0,,,No,,,,,,,,,,,,,,,,Edge Modification,Straight,Straight,Trapezoidal,Trapezoidal,Feather,Symmetrical,9,Along axis side,Crushed,Not lipped,Yes,Flake,Pre detachment,Module 3,,Circumference,Dorsal,Flat,No,,No,,,,,,,,,,,,,,22.72,12.74,23.42,18.9,3.52,,,1.25,None,
M50-14,7,99.53,99.53,Sevkar,Obsidian,Kombewa,Complete,Fresh,No patina,0,,,No,,,,,,,,,,,,,,,,Edge Modification,Concave,Convex,Straight,Trapezoidal,Feather,Symmetrical,6,Along axis,Crushed,Not lipped,Yes,Flake,Pre detachment,Module 2,,Proxial until ridge,Dorsal,Scraper like,No,,No,,,,,,,,,,,,,,9.6,16.92,21.36,10.99,4.67,,,0.72,None,
J49-112,7,99.61,99.61,Tsaghk-1-ar64,Obsidian,Flake,Complete,Fresh,No patina,0,,,No,,,,,,,,,,,,,,,,Edge Modification,Straight,Straight,Triangular,Irregular,Feather,Asymetric to the left,5,Along axis side,Plain,Lipped,Yes,Flake,Pre detachment,Module 4,,Proximal left,Dorsal,Fine,No,,No,,,,,,,,,,,,,,13.92,16.55,22.66,15.05,6.53,14.11,6.34,1.9,Photo+3d,
L49-8,7,99.6,99.6,Tsaghk-1-ar64,Obsidian,Flake,Complete,Fresh,No patina,0,,,No,,,,,,,,,,,,,,,,Edge Modification,Concave,Convex,Polyhedral,Trapezoidal,Feather,Symmetrical,10,Along axis,Crushed,Not lipped,Yes,Flake,Pre detachment,Module 3,,Circumference,Dorsal,Half quina,No,,No,,,,,,,,,,,,,,15.7,13.09,15.91,14.54,2.1,,,0.42,Photo+3d,
I49,5,99.38,99.38,Sevkar,Obsidian,Flake,Complete,Fresh,No patina,0,,,No,,,,,,,,,,,,,,,,Edge Modification,Straight,Straight,Straight,Trapezoidal,Feather,Symmetrical,6,Along axis opposed,Punctiform,Lipped,Yes,Flake,Pre detachment,Module 4,,Circumference,Dorsal,Scraper like,No,,No,,,,,,,,,,,,,,10.01,27.47,27.47,10.79,3.41,1.74,1.03,0.75,None,
I49-2,5,99.16,99.09,Gutansar,Obsidian,Kombewa,Complete,Fresh,No patina,0,,,No,,,,,,,,,,,,,,,,Edge Modification,Straight,Straight,Straight,Trapezoidal,Feather,Asymetric to the left,8,Along axis,Plain,Lipped,Yes,Flake,Pre detachment,Module 2,,Proxial until ridge,Dorsal,Flat,No,,No,,,,,,,,,,,,,,10.57,10.83,17.1,10.55,1.71,3.66,1.11,0.21,None,
I49-3,5,99.16,99.09,Tsaghk-1-ar64,Obsidian,Flake,Complete,Fresh,No patina,0,,,No,,,,,,,,,,,,,,,,Edge Modification,Straight,Straight,Straight,Irregular,Feather,Symmetrical,6,Along axis,Crushed,Not lipped,Yes,Flake,Pre detachment,Module 2,,Proxial until ridge,Dorsal,Flat,No,,No,,,,,,,,,,,,,,8.27,6.9,8.84,8.07,1.07,,,0.08,None,
L49-3,5,99.52,99.52,Tsaghk-1-ar64,Obsidian,Flake,Complete,Fresh,No patina,0,,,No,,,,,,,,,,,,,,,,Edge Modification,Straight,Straight,Oblique,Sub rectangular,Feather,Symmetrical,5,Along axis side,Plain,Lipped,Yes,Flake,Pre detachment,Module 1,,Proximal,Dorsal,Scraper like,No,,No,,,,,,,,,,,,,,8.58,8.76,10.49,6.99,1.98,4.13,1.92,0.18,None,
L49-4,5,99.52,99.52,Gutansar,Obsidian,Flake,Complete,Fresh,No patina,0,,,No,,,,,,,,,,,,,,,,Edge Modification,Concave,Convex,Straight,Trapezoidal,Feather,Asymetric to the right,1,Along axis,Crushed,Not lipped,Yes,Flake,Pre detachment,Module 4,,None,None,None,No,,No,,,,,,,,,,,,,,3.99,7.18,7.17,4.05,1.42,,,0.05,Photo+3d,Two ventrals
I49-2,5,99.38,99.38,Gutansar,Obsidian,Flake,Complete,Fresh,No patina,0,,,No,,,,,,,,,,,,,,,,Edge Modification,Straight,Straight,Straight,Oval,Feather,Symmetrical,6,Opposed side,Crushed,Not lipped,Yes,Flake,Pre detachment,Module 3,,Circumference,Dorsal,Flat,No,,No,,,,,,,,,,,,,,18.39,15.54,18.81,15.63,1.66,,,0.56,None,
I49-15,5,99.38,99.38,Gutansar,Obsidian,Flake,Complete,Fresh,No patina,0,,,No,,,,,,,,,,,,,,,,Edge Modification,Straight,Triangular,Straight,Trapezoidal,Feather,Symmetrical,4,Along axis side,Crushed,Not lipped,Yes,Flake,Pre detachment,Module 1,,Proximal,Dorsal,Regular,No,,No,,,,,,,,,,,,,,9.31,11.69,14.75,9.53,3.12,,,0.3,None,
I49-18,5,99.38,99.38,Obsidian,Obsidian,Flake,Complete,Fresh,No patina,0,,,No,,,,,,,,,,,,,,,,Edge Modification,Concave,Convex,Straight,Trapezoidal,Feather,Symmetrical,1,Along axis,Crushed,Not lipped,Yes,Flake,Pre detachment,Module 1,,Circumference,Dorsal,Isolated removals,No,,No,,,,,,,,,,,,,,9.07,6.68,9.15,7.19,0.82,,,0.03,None,
I49-20,5,99.38,99.38,Gutansar,Obsidian,Flake,Complete,Fresh,No patina,0,,,No,,,,,,,,,,,,,,,,Edge Modification,Concave,Convex,Straight,Trapezoidal,Feather,Symmetrical,1,Along axis,Punctiform,Not lipped,Yes,Flake,Pre detachment,Module 1,,Circumference,Dorsal,Regular,No,,No,,,,,,,,,,,,,,6.38,4.84,7.6,6.73,0.62,1.57,0.68,0.02,None,
I49-22,5,99.38,99.38,Sevkar,Obsidian,Flake,Complete,Fresh,No patina,0,,,No,,,,,,,,,,,,,,,,Edge Modification,Concave,Convex,Oblique,Oval,Feather,Symmetrical,3,Along axis side,Punctiform,Not lipped,Yes,Flake,Pre detachment,Module 1,,Circumference,Dorsal,Regular,No,,No,,,,,,,,,,,,,,6.84,4.77,6.94,4.77,0.8,2.27,0.6,8.51,None,
I49-4,5,99.38,99.38,Gutansar,Obsidian,Flake,Complete,Fresh,No patina,0,,,No,,,,,,,,,,,,,,,,Edge Modification,Concave,Convex,Irregular,Trapezoidal,Feather,Asymetric to the left,14,Along axis opposed,Plain,Lipped,Yes,Flake,Pre detachment,Module 3,,Circumference,Dorsal,Quina,No,,No,,,,,,,,,,,,,,12.45,15.3,22.45,13.23,3.8,6.6,0.94,0.86,None,
I49-5,5,99.38,99.38,Gutansar,Obsidian,Flake,Complete,Fresh,No patina,0,,,No,,,,,,,,,,,,,,,,Edge Modification,Concave,Convex,Polyhedral,Sub rectangular,Hinge,Symmetrical,7,Along axis,Plain,Lipped,Yes,Flake,Pre detachment,Module 3,,Circumference,Dorsal,Invasive,No,,No,,,,,,,,,,,,,,14.1,11,14.8,11.16,1.77,4.32,1.48,0.43,None,
I49-6,5,99.38,99.38,Gutansar,Obsidian,Flake,Complete,Fresh,No patina,0,,,No,,,,,,,,,,,,,,,,Edge Modification,Concave,Convex,Polyhedral,Sub rectangular,Feather,Symmetrical,6,Along axis,Plain,Lipped,Yes,Flake,Pre detachment,Module 2,,Proxial until ridge,Dorsal,Invasive,No,,No,,,,,,,,,,,,,,13.64,9.57,14.3,9.76,2.45,4.68,1.02,0.31,None,
I49-7,5,99.38,99.38,Gutansar,Obsidian,Flake,Complete,Fresh,No patina,0,,,No,,,,,,,,,,,,,,,,Edge Modification,Concave,Convex,Oblique,Sub rectangular,Feather,Symmetrical,2,Along axis,Crushed,Not lipped,Yes,Flake,Pre detachment,Module 1,,Proxial until ridge,Dorsal,Regular,No,,No,,,,,,,,,,,,,,8.51,6.91,10.57,9.56,1.51,,,0.12,None,
I49-8,5,99.38,99.38,Hatis,Obsidian,Flake,Complete,Fresh,No patina,0,,,No,,,,,,,,,,,,,,,,Edge Modification,Concave,Convex,Triangular,Sub rectangular,Feather,Symmetrical,4,Along axis side,Crushed,Not lipped,Yes,Flake,Pre detachment,Module 2,,Circumference,Dorsal,Invasive,No,,No,,,,,,,,,,,,,,8.08,9.55,9.27,9.58,1.93,,,0.19,None,
I49-9,5,99.38,99.38,Gutansar,Obsidian,Flake,Complete,Fresh,No patina,0,,,No,,,,,,,,,,,,,,,,Edge Modification,Concave,Convex,Polyhedral,Trapezoidal,Feather,Symmetrical,9,Along axis,Crushed,Not lipped,Yes,Flake,Pre detachment,Module 3,,Circumference,Dorsal,Half quina,No,,No,,,,,,,,,,,,,,7.26,8.06,9.77,8.03,1.21,,,0.08,Photo+3d,
I49-10,5,99.38,99.38,Sevkar,Obsidian,Kombewa,Complete,Fresh,No patina,0,,,No,,,,,,,,,,,,,,,,Edge Modification,Concave,Convex,Polyhedral,Trapezoidal,Feather,Symmetrical,5,Along axis,Crushed,Not lipped,Yes,Flake,Pre detachment,Module 2,,Proxial until ridge,Dorsal,Half quina,No,,No,,,,,,,,,,,,,,9.87,6.09,10.26,9.15,1.17,,,0.09,Photo+3d,
I49-11,5,99.38,99.38,Gutansar,Obsidian,Flake,Complete,Fresh,No patina,0,,,No,,,,,,,,,,,,,,,,Edge Modification,Concave,Convex,Polyhedral,Trapezoidal,Feather,Symmetrical,12,Along axis,Punctiform,Not lipped,Yes,Flake,Pre detachment,Module 3,,Circumference,Dorsal,Half quina,No,,No,,,,,,,,,,,,,,8.37,6.78,10.19,8.25,1.27,1.81,0.76,0.08,Photo+3d,
I49-12,5,99.38,99.38,Tsaghk-1-ar64,Obsidian,Kombewa,Complete,Fresh,No patina,0,,,No,,,,,,,,,,,,,,,,Edge Modification,Concave,Convex,Polyhedral,Trapezoidal,Feather,Symmetrical,4,Along axis,Punctiform,Not lipped,Yes,Flake,Pre detachment,Module 2,,Proxial until ridge,Dorsal,Invasive,No,,No,,,,,,,,,,,,,,7.16,4.71,8.2,6.77,0.69,1.36,0.5,0.04,None,
I49-13,5,99.38,99.38,Gutansar,Obsidian,Flake,Complete,Fresh,No patina,0,,,No,,,,,,,,,,,,,,,,Edge Modification,Concave,Convex,Polyhedral,Trapezoidal,Feather,Asymetric to the left,5,Along axis,Plain,Lipped,Yes,Flake,Pre detachment,Module 2,,Proxial until ridge,Dorsal,Invasive,No,,No,,,,,,,,,,,,,,7.13,5.37,7.21,8.13,1,3.29,1.14,0.04,Photo+3d,
I49-14,5,99.38,99.38,Gutansar,Obsidian,Flake,Complete,Fresh,No patina,0,,,No,,,,,,,,,,,,,,,,Edge Modification,Straight,Straight,Triangular,Irregular,Feather,Symmetrical,3,Convergent,Plain,Lipped,Yes,Flake,Pre detachment,Module 1,,Circumference,Dorsal,Regular,No,,No,,,,,,,,,,,,,,6.65,5.1,7.04,5.02,1.1,2.91,0.61,0.04,None,
I49-38,5,99.27,99.27,Tsaghk-1-ar64,Obsidian,Flake,Complete,Fresh,No patina,0,,,No,,,,,,,,,,,,,,,,Edge Modification,Concave,Convex,Polyhedral,Trapezoidal,Feather,Asymetric to the left,8,Along axis,Crushed,Not lipped,Yes,Flake,Pre detachment,Module 2,,Proxial until ridge,Dorsal,Invasive,No,,No,,,,,,,,,,,,,,11.41,8.54,14.31,9.52,1.2,,,2.7,0.8,0.13
I49-37,5,99.3,99.3,Tsaghk-2-ar60,Obsidian,Flake,Complete,Fresh,No patina,0,,,No,,,,,,,,,,,,,,,,Edge Modification,Concave,Convex,Polyhedral,Trapezoidal,Feather,Asymetric to the left,13,Along axis,Crushed,Not lipped,Yes,Flake,Pre detachment,Module 3,,Circumference,Dorsal,Half quina,No,,No,,,,,,,,,,,,,,15.41,9.08,19.87,11.17,1.73,,,0.38,Photo high resolution,
I48-22,5,99.35,99.35,Gutansar,Obsidian,Flake,Complete,Fresh,No patina,0,,,No,,,,,,,,,,,,,,,,Edge Modification,Straight,Straight,Straight,Oval,Feather,Symmetrical,3,Along axis,Plain,Lipped,Yes,Flake,Pre detachment,Module 2,,Proximal,Dorsal,Regular,No,,No,,,,,,,,,,,,,,14.56,20.16,20.98,14.91,5.2,7.67,1.94,1.03,None,
I49-28,5,99.38,99.38,Gutansar,Obsidian,Flake,Complete,Fresh,No patina,0,,,No,,,,,,,,,,,,,,,,Edge Modification,Straight,Concave,Concave convex,Trapezoidal,Feather,Symmetrical,5,Side,Plain,Lipped,Yes,Flake,Pre detachment,Module 3,,Circumference,Dorsal,Regular,No,,No,,,,,,,,,,,,,,9.33,11.42,18.34,8.64,2.26,4.32,1.7,0.3,None,
J49,5,99.48,99.48,Silicified limestone,Non-Obsidian,Flake,Complete,Fresh,No patina,0,,,No,,,,,,,,,,,,,,,,Edge Modification,Concave,Convex,Triangular,Pointed,Feather,Symmetrical,3,Along axis,Plain,Lipped,Yes,Flake,Pre detachment,Module 2,,Circumference,Dorsal,Scraper like,No,,No,,,,,,,,,,,,,,9.27,8.87,14.05,8.73,1.86,6.49,1.79,0.17,None,
I49-27,6,99.41,99.41,Gutansar,Obsidian,Flake,Complete,Fresh,No patina,0,,,No,,,,,,,,,,,,,,,,Edge Modification,Concave,Convex,Polyhedral,Irregular,Feather,Asymetric to the right,8,Along axis,Crushed,Not lipped,Yes,Flake,Pre detachment,Module 2,,Proxial until ridge,Dorsal,Flat,No,,No,,,,,,,,,,,,,,15.83,16.06,23.19,15.88,2.52,,,0.77,None,
J49-121-1,6,99.44,99.44,Hatis,Obsidian,Flake,Complete,Fresh,No patina,0,,,No,,,,,,,,,,,,,,,,Edge Modification,Concave,Convex,Polyhedral,Oval,Feather,Symmetrical,7,Along axis,Punctiform,Lipped,Yes,Flake,Pre detachment,Module 2,,Circumference,Dorsal,Scraper like,No,,No,,,,,,,,,,,,,,7.05,6.95,7.11,7.09,1.12,2.95,0.92,0.05,None,
J49-121-2,6,99.44,99.44,Gutansar,Obsidian,Flake,Complete,Fresh,No patina,0,,,No,,,,,,,,,,,,,,,,Edge Modification,Straight,Straight,Straight,Irregular,Feather,Symmetrical,4,Along axis,Crushed,Not lipped,Yes,Flake,Pre detachment,Module 2,,Circumference,Dorsal,Flat,No,,No,,,,,,,,,,,,,,7.03,7.47,9.31,6.71,0.6,,,0.04,None,
K49-38-1,6,99.43,99.43,Gutansar,Obsidian,Flake,Complete,Fresh,No patina,0,,,No,,,,,,,,,,,,,,,,Edge Modification,Convex,Concave,Concave,Sub rectangular,Feather,Symmetrical,1,Along axis,Plain,Not lipped,Yes,Flake,Pre detachment,Module 1,,Circumference,Dorsal,Isolated removals,No,,No,,,,,,,,,,,,,,5.81,5.64,5.25,4.93,0.57,1.69,0.54,0.01,None,
K49-38-3,6,99.43,99.43,Gutansar,Obsidian,Flake,Complete,Fresh,No patina,0,,,No,,,,,,,,,,,,,,,,Edge Modification,Concave,Convex,Straight,Trapezoidal,Feather,Symmetrical,2,Along axis side,Plain,Not lipped,Yes,Flake,Pre detachment,Module 1,,Circumference,Dorsal,Regular,No,,No,,,,,,,,,,,,,,3.78,4.22,5.74,4.2,0.33,2.14,0.81,0.01,None,
K49-35-2,6,99.47,99.47,Gutansar,Obsidian,Flake,Lat ,Fresh,No patina,0,,,No,,,,,,,,,,,,,,,,Edge Modification,,,,,Feather,,4,Along axis side,Plain,Not lipped,Yes,Flake,Pre detachment,Module 2,,Proximal,Dorsal,Regular,No,,No,,,,,,,,,,,,,,,,11.63,7.73,1.57,2,1.07,0.12,None,
K49-35-4,6,99.47,99.47,Sevkar,Obsidian,Flake,Complete,Fresh,No patina,0,,,No,,,,,,,,,,,,,,,,Edge Modification,Concave,Convex,Oblique,Sub rectangular,Feather,Asymetric to the right,1,Along axis,Plain,Not lipped,Yes,Flake,Pre detachment,Module 1,,Proximal,Dorsal,Isolated removals,No,,No,,,,,,,,,,,,,,5.83,4.49,7.26,4.78,1,2.91,0.99,0.03,None,
J48-d,6,99.41,99.32,Hatis,Obsidian,Flake,Complete,Fresh,No patina,0,,,No,,,,,,,,,,,,,,,,Edge Modification,Concave,Convex,Triangular,Irregular,Feather,Symmetrical,4,Along axis side,Plain,Lipped,Yes,Flake,Pre detachment,Module 3,,Circumference,Dorsal,Mixed,No,,No,,,,,,,,,,,,,,20.08,9.36,20.92,9.55,1.83,3.08,1.41,0.34,None,
O49,6,99.38,99.38,Gutansar,Obsidian,Flake,Complete,Fresh,No patina,0,,,No,,,,,,,,,,,,,,,,Edge Modification,Straight,Straight,Straight,Trapezoidal,Hinge,Symmetrical,2,Side,Plain,Not lipped,Yes,Flake,Pre detachment,Module 1,,Circumference,Dorsal,Regular,No,,No,,,,,,,,,,,,,,7.27,5.6,7.84,7.64,1.31,2.62,0.88,0.05,None,
K49-a,6,99.61,99.61,Hatis,Obsidian,Flake,Complete,Fresh,No patina,0,,,No,,,,,,,,,,,,,,,,Edge Modification,Concave,Convex,Irregular,Leaf shaped,Step,Symmetrical,8,Along axis,Crushed,Not lipped,Yes,Flake,Pre detachment,Module 3,,Circumference,Dorsal,Quina,No,,No,,,,,,,,,,,,,,10.47,6.66,10.9,6.9,2.24,,,0.15,None,
K49-b,6,99.61,99.61,Gutansar,Obsidian,Kombewa,Complete,Fresh,No patina,0,,,No,,,,,,,,,,,,,,,,Edge Modification,Straight,Straight,Straight,Oval,Feather,Symmetrical,1,Side,Plain,Not lipped,Yes,Kombewa flake,Pre detachment,Module 1,,Proximal right,Dorsal,Regular,No,,No,,,,,,,,,,,,,,5.35,9.45,9.48,5.92,2.09,2.43,1.09,0.09,None,
N50,6,99.31,99.2,Gutansar,Obsidian,Flake,Complete,Fresh,No patina,0,,,No,,,,,,,,,,,,,,,,Edge Modification,Straight,Straight,Triangular,Irregular,Feather,Asymetric to the left,3,Along axis,Plain,Lipped,Yes,Flake,Pre detachment,Module 1,,Circumference,Dorsal,Invasive,No,,No,,,,,,,,,,,,,,13.07,10.69,15.03,10.96,1.95,3.52,0.7,0.25,None,
N50-d,6,99.5,99.5,Sevkar,Obsidian,Flake,Lat ,Fresh,No patina,0,,,No,,,,,,,,,,,,,,,,Edge Modification,,,,,Feather,,8,Along axis opposed,Crushed,Not lipped,Yes,Flake,Pre detachment,Module 3,,Circumference,Dorsal,Invasive,No,,No,,,,,,,,,,,,,,,,13.85,8.03,1.4,,,0.24,None,
M49,6,99.5,99.5,Hatis,Obsidian,Flake,Complete,Fresh,No patina,0,,,No,,,,,,,,,,,,,,,,Edge Modification,Concave,Convex,Polyhedral,Irregular,Feather,Symmetrical,8,Along axis,Crushed,Not lipped,Yes,Flake,Pre detachment,Module 3,,Circumference,Dorsal,Half quina,No,,No,,,,,,,,,,,,,,14.26,13.79,14.31,16.19,2.72,,,0.5,None,
M49,6,99.5,99.5,Hatis,Obsidian,Flake,Complete,Fresh,No patina,0,,,No,,,,,,,,,,,,,,,,Edge Modification,Concave,Concave,Oblique,Irregular,Feather,Asymetric to the left,5,Convergent side,Crushed,Not lipped,Yes,Flake,Pre detachment,Module 2,,Proxial until ridge,Dorsal,Scraper like,No,,No,,,,,,,,,,,,,,11.22,6.4,16.11,7.7,1.96,,,0.18,None,
M49,6,99.45,99.45,Hatis,Obsidian,Flake,Complete,Fresh,No patina,0,,,No,,,,,,,,,,,,,,,,Edge Modification,Concave,Convex,Polyhedral,Trapezoidal,Feather,Symmetrical,11,Along axis,Plain,Lipped,Yes,Flake,Pre detachment,Module 2,,Proxial until ridge,Dorsal,Quina,No,,No,,,,,,,,,,,,,,10.67,10.73,14.72,10.21,2.9,2.01,0.62,0.39,Photo+3d,
O49-20,6,99.43,99.43,Hatis,Obsidian,Flake,Complete,Fresh,No patina,0,,,No,,,,,,,,,,,,,,,,Edge Modification,Concave,Convex,Triangular,Leaf shaped,Feather,Symmetrical,6,Along axis,Punctiform,Not lipped,Yes,Flake,Pre detachment,Module 3,Indeterminate,Circumference,Dorsal,Scraper like,No,,No,,,,,,,,,,,,,,19.38,11.41,19.2,12.35,2.16,2.12,1.11,0.46,None,
K49-33,6,99.49,99.49,Gutansar,Obsidian,Kombewa,Complete,Fresh,No patina,0,,,No,,,,,,,,,,,,,,,,Edge Modification,Concave,Convex,Polyhedral,Oval,Feather,Symmetrical,11,Along axis,Plain,Lipped,Yes,Flake,Pre detachment,Module 2,,Proxial until ridge,Dorsal,Scraper like,No,,No,,,,,,,,,,,,,,15.45,17.27,18.53,15.91,2.27,2.54,1.13,0.64,Photo+3d,
O15-21,5,99.56,99.44,Tsaghk-2-ar60,Obsidian,Flake,Complete,Fresh,No patina,0,,,No,,,,,,,,,,,,,,,,Edge Modification,Straight,Straight,Straight,Sub rectangular,Feather,Symmetrical,4,Along axis,Plain,Lipped,Yes,Flake,Pre detachment,Module 2,,Distal and proximal,Dorsal,Regular,No,,No,,,,,,,,,,,,,,8.56,6.07,11.11,6.02,0.9,2.06,0.94,0.07,None,
O15-5,5,99.56,99.44,Tsaghk-1-ar64,Obsidian,Flake,Complete,Fresh,No patina,0,,,No,,,,,,,,,,,,,,,,Edge Modification,Concave,Convex,Polyhedral,Trapezoidal,Feather,Symmetrical,11,Along axis,Crushed,Not lipped,Yes,Flake,Pre detachment,Module 3,,Circumference,Dorsal,Invasive,No,,No,,,,,,,,,,,,,,12.67,13.38,15.44,13.37,1.34,,,0.3,None,
O15-7,5,99.56,99.44,Tsaghk-1-ar64,Obsidian,Flake,Complete,Fresh,No patina,0,,,No,,,,,,,,,,,,,,,,Edge Modification,Concave,Convex,Polyhedral,Sub rectangular,Feather,Symmetrical,7,Along axis,Crushed,Not lipped,Yes,Flake,Pre detachment,Module 3,,Circumference,Dorsal,Invasive,No,,No,,,,,,,,,,,,,,17.85,10.6,18.64,11.57,1.91,,,0.5,None,
O15-19,5,99.56,99.44,Tsaghk-1-ar64,Obsidian,Flake,Complete,Fresh,No patina,0,,,No,,,,,,,,,,,,,,,,Edge Modification,Concave,Convex,Triangular,Irregular,Feather,Asymetric to the right,5,Along axis side,Crushed,Not lipped,Yes,Flake,Pre detachment,Module 3,,Circumference,Dorsal,Invasive,No,,No,,,,,,,,,,,,,,11.24,10.41,16.32,10.87,1.19,,,0.32,None,
O15-3,4,99.33,99.3,Gutansar,Obsidian,Flake,Complete,Fresh,No patina,0,,,No,,,,,,,,,,,,,,,,Edge Modification,Concave,Convex,Triangular,Irregular,Feather,Asymetric to the right,3,Along axis side,Crushed,Not lipped,Yes,Flake,Pre detachment,Module 2,,Proximal,Dorsal,Regular,No,,No,,,,,,,,,,,,,,11.18,14.61,15.86,12.13,2.24,,,0.46,None,
O15-1,5,99.56,99.44,Gutansar,Obsidian,Kombewa,Complete,Fresh,No patina,0,,,No,,,,,,,,,,,,,,,,Edge Modification,Concave,Convex,Polyhedral,Rectangular,Feather,Symmetrical,8,Along axis,Punctiform,Not lipped,Yes,Kombewa flake,Pre detachment,Module 3,,Proxial until ridge,Dorsal,Scraper like,No,,No,,,,,,,,,,,,,,11.43,15.86,21.46,11.99,1.54,1.61,0.55,0.43,Photo+3d,
O15-2,5,99.56,99.44,Gutansar,Obsidian,Kombewa,Prox ,Fresh,No patina,0,,,No,,,,,,,,,,,,,,,,Edge Modification,,,,,Feather,,1,Plain,,,No,,,Module 0,,,,,,,No,,,,,,,,,,,,,,,,19.43,13.87,1.26,,,0.45,None,
O15-4,5,99.56,99.44,Gutansar,Obsidian,Flake,Complete,Fresh,No patina,0,,,No,,,,,,,,,,,,,,,,Edge Modification,Straight,Straight,Straight,Leaf shaped,Feather,Symmetrical,3,Along axis,Crushed,Not lipped,Yes,Flake,Pre detachment,Module 1,,Proxial until ridge,Dorsal,Regular,No,,No,,,,,,,,,,,,,,10.8,5.56,10.97,5.34,1.18,,,0.08,None,
O15-10,5,99.56,99.44,Gutansar,Obsidian,Blade,Complete,Fresh,No patina,0,,,No,,,,,,,,,,,,,,,,Edge Modification,Concave,Convex,Polyhedral,Sub rectangular,Feather,Asymetric to the right,6,Along axis,Crushed,Not lipped,Yes,Blade,Pre detachment,Module 2,,Proxial until ridge,Dorsal,Regular,No,,No,,,,,,,,,,,,,,18.55,9.59,18.79,10.17,2.06,,,0.33,None,
O15-13,5,99.56,99.44,Gutansar,Obsidian,Flake,Dist ,Fresh,No patina,0,,,No,,,,,,,,,,,,,,,,Edge Modification,,,,,,,11,Along axis,Plain,Lipped,Yes,Flake,Pre detachment,Module 3,,Circumference,Dorsal,Mixed,No,,No,,,,,,,,,,,,,,,,15.92,10.5,2.12,13.17,1.01,0.42,Photo+3d,
O15-3,5,99.56,99.44,Gutansar,Obsidian,Kombewa,Complete,Fresh,No patina,0,,,No,,,,,,,,,,,,,,,,Edge Modification,Concave,Convex,Triangular,Irregular,Feather,Asymetric to the right,4,Along axis side,Punctiform,Not lipped,Yes,Kombewa flake,Pre detachment,Module 3,,Proxial until ridge,Dorsal,Scraper like,No,,No,,,,,,,,,,,,,,13.44,10.95,20.06,16.02,2.11,2.51,0.99,0.51,None,
O15-17,5,99.56,99.44,Gutansar,Obsidian,Flake,Complete,Fresh,No patina,0,,,No,,,,,,,,,,,,,,,,Edge Modification,Concave,Convex,Irregular,Leaf shaped,Feather,Symmetrical,6,Along axis,Plain,Lipped,Yes,Flake,Pre detachment,Module 3,,Circumference,Dorsal,Scraper like,No,,No,,,,,,,,,,,,,,12.53,11.56,13.72,12.39,3.14,4.79,1.84,0.42,None,
O15-16,5,99.56,99.44,Gutansar,Obsidian,Flake,Dist + Prox ,Fresh,No patina,0,,,No,,,,,,,,,,,,,,,,Edge Modification,,,,,,,6,Along axis side,,,Yes,Flake,Pre detachment,Module 3,,Proxial until ridge,Dorsal,Flat,No,,No,,,,,,,,,,,,,,,,16.75,14.57,1.88,,,0.62,None,
O15-18,5,99.56,99.44,Gutansar,Obsidian,Flake,Complete,Fresh,No patina,0,,,No,,,,,,,,,,,,,,,,Edge Modification,Concave,Convex,Triangular,Sub rectangular,Feather,Symmetrical,2,Along axis,Crushed,Not lipped,Yes,Flake,Pre detachment,Module 1,,Circumference,Dorsal,Regular,No,,No,,,,,,,,,,,,,,13.03,9.06,13.16,8.92,1.77,,,0.26,None,
O15-4,5,99.44,99.39,Gutansar,Obsidian,Kombewa,Complete,Fresh,No patina,0,,,No,,,,,,,,,,,,,,,,Edge Modification,Concave,Convex,Oblique,Irregular,Plunging,Asymetric to the right,2,Side,Plain,Lipped,Yes,Kombewa flake,Pre detachment,Module 1,,Proximal right,Dorsal,Flat,No,,No,,,,,,,,,,,,,,11.45,10.14,15.71,10.65,1.31,4.06,1.66,0.36,Photo+3d,
O15-5,5,99.44,99.39,Gutansar,Obsidian,Kombewa,Complete,Fresh,No patina,0,,,No,,,,,,,,,,,,,,,,Edge Modification,Concave,Convex,Triangular,Sub rectangular,Feather,Asymetric to the right,3,Opposed side,Plain,Lipped,Yes,Flake,Pre detachment,Module 2,,Distal,Dorsal,Regular,No,,No,,,,,,,,,,,,,,16.49,11.82,21.26,11.84,3.02,5.76,1.52,0.61,Photo+3d,
P15,4,99.1,99.06,Tuf,Non-Obsidian,Flake,Dist ,Fresh,No patina,0,,,No,,,,,,,,,,,,,,,,Edge Modification,,,,,,,1,Plain,Faceted,Lipped,No,,,Module 0,,,,,,,No,,,,,,,,,,,,,,,,14,11.23,1.32,12.06,3.57,0.32,None,
P15-3,5,99.45,99.4,Sevkar,Obsidian,Kombewa,Complete,Fresh,No patina,0,,,No,,,,,,,,,,,,,,,,Edge Modification,Concave,Convex,Polyhedral,Irregular,Feather,Symmetrical,7,Along axis,Plain,Lipped,Yes,Kombewa flake,Pre detachment,Module 3,,Proxial until ridge,Dorsal,Scraper like,No,,No,,,,,,,,,,,,,,9.34,11.41,14.57,12.37,2.26,5.13,1.54,0.29,None,
P15-2,5,99.57,99.45,Sevkar,Obsidian,Flake,Complete,Fresh,No patina,0,,,No,,,,,,,,,,,,,,,,Edge Modification,Straight,Straight,Straight,Trapezoidal,Feather,Symmetrical,2,Along axis,Punctiform,Not lipped,Yes,Flake,Pre detachment,Module 1,,Circumference,Dorsal,Flat,No,,No,,,,,,,,,,,,,,4.75,3.96,7.71,5.01,0.62,1.57,0.45,0.02,None,
P15-1,5,99.45,99.4,Gutansar,Obsidian,Flake,Complete,Fresh,No patina,0,,,No,,,,,,,,,,,,,,,,Edge Modification,Straight,Straight,Straight,Trapezoidal,Feather,Asymetric to the right,11,Along axis opposed,Crushed,Not lipped,Yes,Flake,Pre detachment,Module 4,,Proxial until ridge,Dorsal,Half quina,Indertiminate,,No,,,,,,,,,,,,,,9.5,23.07,23.57,10.22,4.76,,,0.96,Photo+3d,
P15,4,99.2,99.1,Gutansar,Obsidian,Flake,Complete,Fresh,No patina,0,,,No,,,,,,,,,,,,,,,,Edge Modification,Concave,Convex,Triangular,Irregular,Feather,Asymetric to the right,9,Convergent side,Crushed,Not lipped,Yes,Flake,Pre detachment,Module 3,,Circumference,Dorsal,Quina,No,,No,,,,,,,,,,,,,,17.35,15.44,23.76,19.75,4.56,,,1.49,None,
P15-2,4,99.1,99.06,Tsaghk-2-ar60,Obsidian,Flake,Complete,Fresh,No patina,0,,,No,,,,,,,,,,,,,,,,Edge Modification,Straight,Straight,Straight,Irregular,Feather,Asymetric to the left,2,Along axis,Crushed,Not lipped,Yes,Flake,Pre detachment,Module 1,,Proxial until ridge,Dorsal,Flat,No,,No,,,,,,,,,,,,,,9.74,13.16,16.7,9.86,0.61,,,0.11,None,
P15-1,5,99.57,99.45,Tsaghk-2-ar60,Obsidian,Flake,Complete,Fresh,No patina,0,,,No,,,,,,,,,,,,,,,,Edge Modification,Concave,Convex,Polyhedral,Trapezoidal,Retouched,Symmetrical,7,Along axis opposed,Crushed,Not lipped,Yes,Flake,Pre detachment,Module 4,,Circumference,Dorsal,Regular,No,,No,,,,,,,,,,,,,,9.99,19.02,21.09,10.5,2.32,,,0.48,Photo+3d,
P15-4,5,99.57,99.45,Tsaghk-1-ar64,Obsidian,Flake,Complete,Fresh,No patina,0,,,No,,,,,,,,,,,,,,,,Edge Modification,Concave,Convex,Concave,Oval,Feather,Symmetrical,6,Along axis,Plain,Lipped,Yes,Flake,Pre detachment,Module 3,,Circumference,Dorsal,Scraper like,No,,No,,,,,,,,,,,,,,9.11,8.9,8.89,8.84,1.73,2.06,0.61,0.19,Photo high resolution,
P15-e,4,99.06,99,Mafic lava,Non-Obsidian,Flake,Dist ,Fresh,No patina,0,,,No,,,,,,,,,,,,,,,,Edge Modification,,,,,,,1,Plain,Crushed,Not lipped,No,,,Module 0,,,,,,,No,,,,,,,,,,,,,,,,13.92,9.43,2.13,,,0.28,None,
I49-158-a,4,98.76,98.76,Dacite,Non-Obsidian,Flake,Complete,Fresh,No patina,0,,,No,,,,,,,,,,,,,,,,Edge Modification,Straight,Straight,Straight,Irregular,Feather,Symmetrical,4,Along axis side,Crushed,Not lipped,Yes,Flake,Pre detachment,Module 3,,Circumference,Dorsal,Flat,No,,No,,,,,,,,,,,,,,5.72,8.9,9.63,5.41,0.5,,,0.02,None,
I49-158-b,4,98.76,98.76,Chert,Non-Obsidian,Flake,Complete,Fresh,No patina,0,,,No,,,,,,,,,,,,,,,,Edge Modification,Concave,Convex,Convex,Sub rectangular,Feather,Symmetrical,7,Along axis side,Crushed,Not lipped,Yes,Flake,Pre detachment,Module 2,,Proxial until ridge,Dorsal,Scraper like,No,,No,,,,,,,,,,,,,,7.35,5.99,7.47,6.09,1.42,,,0.04,Photo+3d,
I49-158-f,4,98.76,98.76,Tuf,Non-Obsidian,Debordant,Complete,Fresh,No patina,1,,,No,,,,,,,,,,,,,,,,Edge Modification,Straight,Straight,Straight,Oval,Feather,Symmetrical,,,Plain,Not lipped,No,,,Module 0,,,,,,,No,,,,,,,,,,,,,,6.49,4.73,7.01,6.28,1.14,4.37,1.12,0.02,None,
I49-157-a,4,98.73,98.73,Tuf,Non-Obsidian,Flake,Complete,Fresh,No patina,0,,,No,,,,,,,,,,,,,,,,Edge Modification,Straight,Straight,Straight,Sub rectangular,Feather,Symmetrical,3,Along axis,Plain,Lipped,Yes,Flake,Pre detachment,Module 2,,Proximal,Dorsal,Flat,No,,No,,,,,,,,,,,,,,16.95,10.24,18.98,10.36,1.83,3.45,1.04,0.44,None,
I49-157-b,4,98.73,98.73,Tuf,Non-Obsidian,Flake,Complete,Fresh,No patina,0,,,No,,,,,,,,,,,,,,,,Edge Modification,Straight,Straight,Straight,Trapezoidal,Feather,Symmetrical,2,Along axis side,Plain,Not lipped,No,,,Module 1,,,,,,,No,,,,,,,,,,,,,,11.83,12.79,20.17,11.93,2.09,5.45,0.94,0.56,None,
I49-157-c,4,98.73,98.73,Tuf,Non-Obsidian,Flake,Complete,Fresh,No patina,0,,,No,,,,,,,,,,,,,,,,Edge Modification,Straight,Straight,Straight,Irregular,Feather,Symmetrical,2,Along axis side,Plain,Lipped,Yes,Flake,Pre detachment,Module 1,,Proximal,Dorsal,Flat,No,,No,,,,,,,,,,,,,,9.7,11.57,11.61,10.1,2.44,8.88,2.38,0.19,None,
I49-157-d,4,98.73,98.73,Tuf,Non-Obsidian,Flake,Complete,Fresh,No patina,1,,,No,,,,,,,,,,,,,,,,Edge Modification,Straight,Straight,Straight,Oval,Feather,Symmetrical,1,Plain,Crushed,Not lipped,No,,,Module 0,,,,,,,No,,,,,,,,,,,,,,7.61,9.52,12.04,7.51,1.22,,,0.05,None,
I49-157-e,4,98.73,98.73,Basalt,Non-Obsidian,Flake,Complete,Fresh,No patina,0,,,No,,,,,,,,,,,,,,,,Edge Modification,Concave,Convex,Straight,Trapezoidal,Feather,Symmetrical,3,Along axis side,Plain,Lipped,Yes,Flake,Pre detachment,Module 1,,Proximal,Dorsal,Regular,No,,No,,,,,,,,,,,,,,9.95,6.75,9.39,8.03,1.76,2.99,1.26,0.12,None,
I49-157-f,4,98.73,98.73,Tuf,Non-Obsidian,Flake,Dist ,Fresh,No patina,0,,,No,,,,,,,,,,,,,,,,Edge Modification,,,,,,,2,Along axis,Plain,Lipped,Yes,Flake,Pre detachment,Module 1,,Proximal,Dorsal,Regular,No,,No,,,,,,,,,,,,,,,,11.61,8.29,2.4,6.39,2.49,0.29,None,
I49-86-a,4,98.88,98.88,Gutansar,Obsidian,Flake,Complete,Fresh,No patina,0,,,No,,,,,,,,,,,,,,,,Edge Modification,Straight,Concave,Concave,Trapezoidal,Feather,Symmetrical,1,Along axis,Plain,Lipped,Yes,Flake,Pre detachment,Module 1,,Proximal,Dorsal,Isolated removals,No,,No,,,,,,,,,,,,,,4.2,8.98,10.87,4.64,0.98,5.69,1.32,0.05,Photo+3d,
I49-86-b,4,98.88,98.88,Basalt,Non-Obsidian,Flake,Complete,Fresh,No patina,0,,,No,,,,,,,,,,,,,,,,Edge Modification,Straight,Concave,Concave,Oval,Feather,Symmetrical,2,Along axis,Plain,Lipped,Yes,Flake,Pre detachment,Module 1,,Proximal,Dorsal,Regular,No,,No,,,,,,,,,,,,,,10.21,12.01,13.01,10.76,2.94,12.68,2.58,0.5,None,
I49-159-a,4,98.75,98.75,Gutansar,Obsidian,Flake,Complete,Fresh,No patina,0,,,No,,,,,,,,,,,,,,,,Edge Modification,Concave,Convex,Triangular,Irregular,Feather,Asymetric to the left,4,Along axis side,Plain,Lipped,Yes,Flake,Pre detachment,Module 2,,Proxial until ridge,Dorsal,Scraper like,No,,No,,,,,,,,,,,,,,8.36,6.71,13.05,6.41,1.47,6.23,1.42,0.13,Photo+3d,
I49-39-a,5,99.16,99.16,Tsaghk-2 ttavakar,Obsidian,Flake,Complete,Fresh,No patina,0,,,No,,,,,,,,,,,,,,,,Edge Modification,Straight,Straight,Straight,Sub rectangular,Feather,Symmetrical,4,Along axis side,Plain,Lipped,Yes,Flake,Pre detachment,Module 2,,Right edge,Dorsal,Scraper like,No,,No,,,,,,,,,,,,,,11.99,11.09,13.1,10.86,2.07,6.37,2.3,0.4,None,
I49-156-d,4,98.74,98.74,Dacite,Non-Obsidian,Flake,Complete,Fresh,No patina,0,,,No,,,,,,,,,,,,,,,,Edge Modification,Straight,Concave,Concave,Oval,Feather,Symmetrical,1,Along axis,Plain,Lipped,Yes,Flake,Pre detachment,Module 1,,Proximal,Dorsal,Regular,No,,No,,,,,,,,,,,,,,8.02,18.63,19.35,8.56,2.35,16.77,2.93,0.45,Photo+3d,
I49-156-i,4,98.74,98.74,Tuf,Non-Obsidian,Flake,Complete,Fresh,No patina,0,,,No,,,,,,,,,,,,,,,,Edge Modification,Concave,Convex,Straight,Trapezoidal,Feather,Symmetrical,2,Along axis,Plain,Lipped,Yes,Flake,Pre detachment,Module 1,,Proxial until ridge,Dorsal,Regular,No,,No,,,,,,,,,,,,,,5.01,7.68,9.08,4.68,1.72,2.64,1.18,0.07,None,
I49-156-j,4,98.74,98.74,Tuf,Non-Obsidian,Flake,Complete,Fresh,No patina,0,,,No,,,,,,,,,,,,,,,,Edge Modification,Concave,Convex,Straight,Oval,Feather,Symmetrical,3,Along axis side,Punctiform,Lipped,Yes,Flake,Pre detachment,Module 1,,Proximal,Dorsal,Regular,No,,No,,,,,,,,,,,,,,5.27,5.99,5.99,5.32,0.54,1.41,0.61,0.01,None,
